drug1,drug2
DB01101,DB00188
DB01254,DB00188
DB01229,DB00480
DB00811,DB01101
DB01004,DB01610
DB00445,DB00877
DB00811,DB00188
DB01263,DB00188
DB00619,DB00480
DB00740,DB00334
DB00230,DB00176
DB01212,DB00671
DB00200,DB00115
DB00213,DB00740
DB00493,DB00671
DB00230,DB01105
DB01413,DB00493
DB00203,DB00188
DB00563,DB00480
DB00850,DB00433
DB00398,DB00188
DB00535,DB00671
DB00361,DB00570
DB01232,DB00188
DB00230,DB01186
DB01242,DB01037
DB00230,DB00740
DB00480,DB01254
DB00218,DB00740
DB00531,DB00877
DB01229,DB00877
DB00445,DB00989
DB00244,DB00445
DB01242,DB00989
DB00493,DB00535
DB00989,DB01037
DB00624,DB00959
DB00188,DB00523
DB01047,DB01260
DB01263,DB01229
DB00811,DB01229
DB00591,DB01047
DB01413,DB00671
DB00480,DB01101
DB01043,DB00188
DB01043,DB01037
DB01238,DB00188
DB01263,DB01101
DB00860,DB00324
DB00591,DB01260
DB00669,DB00188
DB00877,DB00188
DB00813,DB01037
DB00591,DB00860
DB01129,DB00740
DB00445,DB00740
DB00201,DB00277
DB00218,DB01267
DB01413,DB00535
DB01037,DB01105
DB00993,DB00201
DB01004,DB01101
DB00591,DB00620
DB00531,DB01143
DB00811,DB01043
DB01223,DB00201
DB01037,DB00176
DB00704,DB00327
DB01410,DB01222
DB00398,DB00563
DB00713,DB00485
DB00853,DB00811
DB00398,DB00317
DB00811,DB00480
DB00993,DB00277
DB00740,DB00448
DB00631,DB00242
DB00740,DB01186
DB01267,DB00188
DB00307,DB00445
DB00472,DB00740
DB00218,DB01238
DB00591,DB00959
DB00438,DB00671
DB00993,DB00501
DB01223,DB00993
DB00740,DB00188
DB00472,DB01037
DB01212,DB00993
DB00635,DB00591
DB00394,DB01410
DB01242,DB00188
DB00503,DB00188
DB01043,DB00523
DB01137,DB00740
DB00811,DB00523
DB00398,DB00619
DB01410,DB00620
DB00591,DB01410
DB01101,DB00987
DB00218,DB01232
DB00445,DB01238
DB01030,DB00541
DB01137,DB01267
DB00398,DB01254
DB00624,DB00445
DB01267,DB01263
DB00811,DB00445
DB00203,DB01263
DB00480,DB01238
DB00531,DB01043
DB00193,DB00989
DB00218,DB01101
DB01327,DB00671
DB00993,DB00851
DB00218,DB00989
DB00591,DB00324
DB00993,DB00900
DB01229,DB00523
DB00860,DB01047
DB00740,DB00989
DB01186,DB00188
DB00659,DB00230
DB00531,DB00435
DB00860,DB01260
DB01242,DB01105
DB01263,DB00740
DB00740,DB01238
DB00180,DB01410
DB00999,DB00880
DB01182,DB00445
DB01033,DB00201
DB00633,DB00683
DB00850,DB00623
DB01186,DB01242
DB01181,DB00480
DB00445,DB01043
DB01129,DB01186
DB00445,DB01037
DB00683,DB00897
DB00993,DB00194
DB00740,DB00734
DB01263,DB01232
DB00394,DB00591
DB01030,DB00361
DB00295,DB00704
DB00394,DB01047
DB00989,DB00188
DB00526,DB01043
DB01186,DB00669
DB01263,DB00989
DB00741,DB00324
DB00704,DB01183
DB00324,DB00443
DB01263,DB01254
DB01101,DB01254
DB00683,DB00656
DB00398,DB00480
DB00959,DB01047
DB00480,DB00877
DB00526,DB00480
DB00218,DB01242
DB01263,DB01238
DB01410,DB01047
DB00962,DB01242
DB00441,DB00242
DB00338,DB00740
DB00591,DB01222
DB00203,DB00445
DB00180,DB01222
DB00441,DB00631
DB00586,DB00480
DB00480,DB01043
DB00480,DB01232
DB00480,DB00523
DB01033,DB00277
DB00563,DB00724
DB00740,DB01242
DB01186,DB00216
DB00623,DB00433
DB00619,DB01232
DB00740,DB01037
DB00180,DB00620
DB00740,DB00503
DB00993,DB00763
DB00203,DB01254
DB00244,DB00480
DB00531,DB00819
DB00194,DB00201
DB00435,DB00753
DB00530,DB00563
DB01127,DB01110
DB01410,DB01260
DB00993,DB00544
DB00591,DB00180
DB00394,DB01260
DB00718,DB00993
DB00242,DB01101
DB00741,DB01047
DB00203,DB00740
DB01410,DB00959
DB00218,DB00877
DB00194,DB00900
DB00398,DB00531
DB00883,DB00435
DB00472,DB01186
DB00811,DB00619
DB00544,DB00188
DB01037,DB00188
DB00993,DB00242
DB01263,DB00734
DB00535,DB00438
DB00945,DB00210
DB01033,DB00851
DB00531,DB00753
DB00277,DB00900
DB01020,DB00435
DB00531,DB01189
DB00590,DB01263
DB00531,DB00624
DB00740,DB00482
DB01045,DB00541
DB01236,DB00531
DB00740,DB00370
DB02379,DB01020
DB00993,DB00493
DB01005,DB00435
DB00635,DB01410
DB00218,DB01186
DB00962,DB01186
DB00906,DB01037
DB00201,DB00900
DB00621,DB01586
DB00218,DB01043
DB00193,DB01263
DB00989,DB00176
DB00277,DB00544
DB00441,DB00993
DB00851,DB00277
DB00398,DB00541
DB00445,DB01242
DB01248,DB00877
DB00591,DB00741
DB00327,DB01183
DB01043,DB01105
DB00993,DB01327
DB01033,DB01223
DB00394,DB00324
DB00526,DB00811
DB01267,DB01229
DB01223,DB00900
DB01267,DB00740
DB00230,DB01367
DB00563,DB00683
DB00993,DB00631
DB01043,DB01101
DB01182,DB01229
DB00441,DB01254
DB00811,DB00242
DB00811,DB00399
DB00727,DB00435
DB00853,DB01004
DB01129,DB01263
DB00740,DB00176
DB00445,DB00176
DB01263,DB00230
DB00844,DB01183
DB01033,DB00900
DB01033,DB00194
DB00811,DB01181
DB00394,DB00180
DB00334,DB01105
DB00218,DB01182
DB01047,DB00324
DB01263,DB00482
DB00526,DB01008
DB00244,DB00188
DB00218,DB01037
DB00724,DB00188
DB01033,DB00763
DB00307,DB00230
DB00631,DB00811
DB00877,DB01041
DB00563,DB00317
DB00993,DB00350
DB00363,DB00188
DB00201,DB00806
DB01037,DB00370
DB00860,DB00621
DB00459,DB00445
DB00669,DB01242
DB00277,DB00806
DB01413,DB00993
DB00201,DB00851
DB00324,DB01260
DB00193,DB01037
DB01037,DB01367
DB00624,DB00367
DB00285,DB01037
DB00970,DB01045
DB01033,DB00501
DB00860,DB00717
DB00201,DB00544
DB01181,DB01005
DB01223,DB00544
DB00709,DB00441
DB01263,DB00334
DB00704,DB01229
DB01043,DB00176
DB00970,DB00361
DB01223,DB00851
DB00631,DB01101
DB01248,DB01263
DB00531,DB00822
DB01263,DB01043
DB00635,DB00324
DB00959,DB00324
DB00555,DB00740
DB00683,DB00484
DB00683,DB00669
DB00180,DB00860
DB00741,DB00621
DB01205,DB00683
DB01229,DB01043
DB01181,DB01254
DB00435,DB00331
DB00851,DB00544
DB00262,DB01008
DB01004,DB00218
DB00787,DB00201
DB00879,DB00993
DB00822,DB00435
DB00989,DB01105
DB00704,DB00783
DB01082,DB00798
DB00530,DB00541
DB00962,DB00740
DB01610,DB01101
DB00740,DB01043
DB00993,DB00535
DB00441,DB00811
DB00819,DB00435
DB01037,DB00715
DB00313,DB00188
DB01037,DB01041
DB00537,DB00740
DB00993,DB00806
DB02379,DB00435
DB01267,DB01242
DB00741,DB01410
DB00317,DB01254
DB01037,DB01104
DB00441,DB00879
DB00244,DB01229
DB01236,DB00435
DB00445,DB01105
DB01224,DB00740
DB00993,DB00438
DB01229,DB01238
DB00218,DB01254
DB00762,DB00570
DB01229,DB00989
DB00853,DB00993
DB00683,DB00188
DB00218,DB00361
DB00993,DB00671
DB00962,DB01037
DB00718,DB00201
DB00620,DB00324
DB00413,DB00188
DB00563,DB00762
DB01181,DB01101
DB01410,DB00443
DB01223,DB00194
DB00480,DB00669
DB00945,DB00435
DB00203,DB01101
DB01263,DB01242
DB01045,DB00570
DB00724,DB00619
DB00544,DB00987
DB00753,DB01189
DB01212,DB01223
DB01586,DB01047
DB01033,DB00544
DB01263,DB00215
DB00435,DB01189
DB00526,DB00523
DB01137,DB01186
DB00704,DB00445
DB01327,DB00531
DB00603,DB01043
DB00883,DB02379
DB01248,DB00541
DB01263,DB00783
DB01264,DB00188
DB00480,DB01242
DB00531,DB00373
DB01182,DB01263
DB00683,DB00257
DB01186,DB00176
DB01586,DB00324
DB00673,DB01263
DB00959,DB00717
DB01267,DB00480
DB01043,DB01041
DB00230,DB01181
DB00218,DB00523
DB00396,DB00523
DB01267,DB00445
DB00763,DB00501
DB00531,DB01077
DB00624,DB01043
DB00762,DB00188
DB01030,DB00563
DB00252,DB00188
DB00230,DB00323
DB00242,DB00188
DB01149,DB01263
DB01043,DB00396
DB00813,DB01232
DB00683,DB01242
DB00180,DB00959
DB01004,DB01263
DB01097,DB00188
DB01181,DB00544
DB00586,DB01037
DB01182,DB00188
DB00398,DB00218
DB00480,DB01264
DB00394,DB01586
DB00201,DB00683
DB01181,DB01043
DB00480,DB00989
DB00853,DB01254
DB00194,DB00277
DB00993,DB00585
DB01267,DB00537
DB00642,DB00563
DB01045,DB00773
DB00176,DB01105
DB01186,DB01043
DB01410,DB00324
DB00811,DB00740
DB00740,DB00715
DB00959,DB00367
DB01181,DB00331
DB01223,DB00787
DB00398,DB00445
DB00993,DB01048
DB00962,DB00188
DB01229,DB01264
DB01248,DB00864
DB01186,DB01105
DB00426,DB00993
DB00193,DB00740
DB00530,DB01254
DB00718,DB01033
DB00398,DB00762
DB00683,DB01254
DB00445,DB00323
DB01008,DB00188
DB01004,DB00577
DB00993,DB00819
DB01267,DB01254
DB01267,DB00619
DB01586,DB01260
DB00531,DB00277
DB00773,DB00877
DB01101,DB00523
DB01186,DB00813
DB00408,DB00543
DB00993,DB01005
DB00180,DB01047
DB01019,DB00435
DB01149,DB00740
DB01260,DB00390
DB00435,DB02530
DB00346,DB00457
DB00563,DB01267
DB00683,DB01611
DB00559,DB01263
DB01162,DB00457
DB00398,DB00970
DB00548,DB00435
DB00180,DB01260
DB01337,DB01586
DB00563,DB00238
DB01410,DB00390
DB01212,DB00201
DB01043,DB00877
DB00724,DB00683
DB00294,DB00367
DB00441,DB00495
DB00993,DB00435
DB00586,DB01263
DB01137,DB01037
DB01263,DB01041
DB00218,DB00559
DB01033,DB00631
DB01586,DB00435
DB00213,DB01267
DB00811,DB01242
DB00218,DB00762
DB00603,DB00877
DB00398,DB00361
DB00459,DB00523
DB00740,DB01101
DB00441,DB00900
DB00853,DB00441
DB01020,DB00753
DB01181,DB00523
DB01112,DB00671
DB00740,DB00480
DB00718,DB00900
DB00583,DB00435
DB01019,DB00531
DB00526,DB00853
DB00709,DB01101
DB01050,DB00712
DB00718,DB00194
DB01327,DB00819
DB00218,DB00909
DB00244,DB01263
DB00176,DB00188
DB00740,DB00619
DB00945,DB00882
DB00879,DB01101
DB00526,DB00262
DB00883,DB00753
DB01043,DB00915
DB01263,DB01264
DB00945,DB01183
DB00633,DB00188
DB00591,DB00624
DB00398,DB01167
DB00591,DB01586
DB00811,DB01254
DB00740,DB01254
DB00970,DB00762
DB00361,DB01045
DB01033,DB00350
DB01045,DB01183
DB00526,DB00273
DB00398,DB01030
DB00631,DB00188
DB00945,DB00356
DB01242,DB00273
DB00218,DB00315
DB00224,DB00188
DB00851,DB00900
DB01242,DB00783
DB00698,DB01219
DB00862,DB01267
DB01212,DB00819
DB00906,DB01186
DB01610,DB00188
DB00327,DB01238
DB00531,DB00396
DB00697,DB00740
DB01248,DB01030
DB00621,DB01047
DB00718,DB00879
DB00359,DB00795
DB00879,DB00987
DB01263,DB01136
DB02379,DB00753
DB01263,DB00877
DB00398,DB01263
DB01273,DB01242
DB00402,DB01242
DB00970,DB00512
DB00277,DB00501
DB00724,DB00484
DB00724,DB01254
DB01077,DB00435
DB00541,DB01183
DB01623,DB00433
DB00394,DB00621
DB00851,DB00501
DB00262,DB01005
DB00552,DB00811
DB00993,DB00550
DB01229,DB01045
DB00853,DB00480
DB00526,DB00877
DB01248,DB01045
DB00853,DB01610
DB00624,DB00717
DB00621,DB00324
DB00548,DB01586
DB00718,DB01223
DB00230,DB01008
DB00577,DB00201
DB01181,DB00877
DB00244,DB00740
DB01232,DB01238
DB00201,DB00501
DB01030,DB00570
DB01212,DB00763
DB00921,DB00783
DB00740,DB00669
DB00741,DB00717
DB00819,DB01005
DB00635,DB00294
DB00624,DB01410
DB00740,DB00909
DB00531,DB00201
DB00900,DB00544
DB00853,DB01263
DB00683,DB00608
DB00445,DB00909
DB01215,DB00683
DB00563,DB00740
DB01267,DB01232
DB00704,DB01238
DB00531,DB00513
DB00445,DB01186
DB01137,DB01182
DB00822,DB00753
DB00201,DB00339
DB00993,DB00484
DB01105,DB00188
DB00718,DB00277
DB00531,DB00763
DB00207,DB00877
DB01030,DB00970
DB00559,DB00188
DB00621,DB00959
DB01186,DB00989
DB01212,DB00585
DB00530,DB00619
DB00252,DB01242
DB00350,DB00201
DB00413,DB01242
DB00398,DB00773
DB01008,DB01043
DB01041,DB01254
DB01223,DB00501
DB00763,DB00550
DB00577,DB00277
DB00323,DB00989
DB00906,DB00176
DB00218,DB00216
DB01337,DB00621
DB01143,DB00435
DB02300,DB00153
DB00548,DB01020
DB00683,DB00490
DB00853,DB00201
DB00621,DB01260
DB00953,DB00683
DB00230,DB00712
DB00819,DB00763
DB01004,DB00544
DB00851,DB00763
DB00555,DB01186
DB00531,DB00669
DB01248,DB00704
DB00624,DB00294
DB00586,DB01043
DB01004,DB00619
DB01212,DB00851
DB00864,DB01181
DB01586,DB01410
DB00201,DB00763
DB00201,DB00435
DB00740,DB00783
DB00819,DB00822
DB01037,DB00523
DB00740,DB01105
DB01186,DB00503
DB00860,DB00435
DB00262,DB00331
DB00531,DB00770
DB00242,DB00900
DB01267,DB01101
DB00530,DB00762
DB01263,DB00523
DB00989,DB00523
DB00435,DB00958
DB00811,DB01008
DB01222,DB01260
DB00586,DB00740
DB01124,DB00672
DB01242,DB00656
DB00880,DB00310
DB00673,DB00188
DB00633,DB00993
DB00860,DB00367
DB00704,DB00773
DB00993,DB00359
DB00590,DB01267
DB00297,DB00188
DB02300,DB01586
DB00445,DB01264
DB00864,DB01043
DB00583,DB02530
DB00993,DB00683
DB00548,DB02379
DB00806,DB00544
DB00200,DB00683
DB00877,DB00523
DB00631,DB00900
DB00853,DB00544
DB01026,DB01263
DB00334,DB01367
DB00621,DB00390
DB01267,DB00669
DB01004,DB00277
DB00218,DB00970
DB00619,DB00877
DB01186,DB00315
DB01047,DB00421
DB00548,DB00860
DB00590,DB00740
DB01623,DB00477
DB00880,DB00433
DB01181,DB01143
DB00763,DB00277
DB00962,DB00683
DB00210,DB00860
DB00571,DB01203
DB00959,DB01043
DB00621,DB00435
DB01242,DB00523
DB01273,DB00480
DB00683,DB00690
DB00879,DB00916
DB01127,DB00683
DB00512,DB00704
DB00530,DB00531
DB00218,DB00328
DB00819,DB00753
DB00811,DB00989
DB00619,DB00317
DB00537,DB01242
DB01101,DB00877
DB01149,DB01242
DB00242,DB01254
DB00531,DB00535
DB00993,DB01254
DB00683,DB01589
DB01223,DB00577
DB01236,DB01181
DB00683,DB01595
DB00740,DB00402
DB01004,DB00230
DB00582,DB00740
DB00993,DB01181
DB01008,DB00877
DB01267,DB00962
DB00153,DB00435
DB00921,DB00445
DB00512,DB00570
DB00717,DB00421
DB02300,DB01260
DB00591,DB00421
DB00683,DB00475
DB01137,DB00970
DB00993,DB00399
DB00548,DB00621
DB01082,DB00199
DB01327,DB00201
DB00194,DB00242
DB00879,DB00544
DB00591,DB00621
DB00480,DB01008
DB00531,DB00683
DB00323,DB01037
DB01242,DB00216
DB01004,DB00441
DB00880,DB00477
DB00853,DB00277
DB01186,DB01238
DB01242,DB01367
DB00900,DB00806
DB00763,DB00435
DB00700,DB00624
DB01033,DB00441
DB00218,DB00704
DB00959,DB00294
DB01267,DB00683
DB00624,DB01260
DB00203,DB00457
DB00619,DB00523
DB00480,DB01037
DB00218,DB01264
DB01143,DB00331
DB00334,DB01254
DB00457,DB00317
DB00631,DB00194
DB01337,DB00860
DB00445,DB01142
DB00879,DB00201
DB01140,DB01060
DB00530,DB01263
DB00443,DB00717
DB00621,DB00421
DB00544,DB01254
DB00993,DB01610
DB00624,DB01267
DB00776,DB00188
DB00740,DB01367
DB00945,DB00514
DB01223,DB00763
DB00621,DB01020
DB00441,DB01005
DB00822,DB00331
DB00531,DB00880
DB00770,DB00620
DB00350,DB00194
DB02300,DB00324
DB00218,DB00683
DB00621,DB00717
DB01019,DB00753
DB00417,DB01053
DB00458,DB00934
DB01004,DB00203
DB00472,DB01367
DB00346,DB00317
DB00563,DB00201
DB00399,DB01254
DB01019,DB00583
DB01004,DB00631
DB00328,DB00188
DB00244,DB01238
DB00346,DB01162
DB01020,DB02530
DB00495,DB01101
DB00323,DB00215
DB00700,DB00959
DB00200,DB00541
DB00317,DB00188
DB00970,DB00549
DB00683,DB00184
DB00218,DB00422
DB00402,DB00683
DB00811,DB01041
DB00441,DB00194
DB01005,DB00753
DB01072,DB00188
DB00659,DB00531
DB01263,DB00317
DB00621,DB02379
DB00970,DB00356
DB00438,DB00485
DB01248,DB01254
DB00480,DB00313
DB01267,DB00909
DB00530,DB01030
DB00559,DB01267
DB00555,DB00683
DB00252,DB01037
DB00631,DB01254
DB00531,DB00371
DB00740,DB00216
DB01223,DB00158
DB01082,DB00531
DB00853,DB00203
DB00989,DB01041
DB00307,DB00783
DB00180,DB00324
DB00194,DB00763
DB00585,DB00535
DB00945,DB00324
DB00514,DB01183
DB00570,DB00317
DB00277,DB00339
DB01008,DB00399
DB00277,DB00683
DB00526,DB01005
DB01222,DB00877
DB01267,DB01043
DB00563,DB00900
DB01229,DB00207
DB00205,DB00683
DB00435,DB01008
DB00548,DB00753
DB01263,DB01037
DB00945,DB01221
DB00153,DB00324
DB00115,DB00570
DB01267,DB00656
DB01030,DB00445
DB01149,DB01037
DB00631,DB01181
DB00224,DB00563
DB01082,DB02379
DB00570,DB01183
DB01223,DB00531
DB00475,DB01589
DB01232,DB01254
DB00529,DB00230
DB00945,DB00548
DB02300,DB00591
DB00945,DB01260
DB01005,DB00822
DB00811,DB01037
DB01033,DB00339
DB00591,DB00717
DB00335,DB01203
DB01019,DB01020
DB01033,DB00806
DB00740,DB01229
DB00630,DB00435
DB00530,DB00570
DB00531,DB00395
DB00631,DB00201
DB00531,DB00153
DB01004,DB00201
DB01019,DB00883
DB00753,DB02530
DB00959,DB00480
DB00583,DB01586
DB00945,DB00621
DB00398,DB00795
DB01045,DB00795
DB00242,DB00399
DB00851,DB00339
DB00548,DB00531
DB00180,DB00741
DB00635,DB00704
DB00563,DB01155
DB01033,DB00879
DB00394,DB02300
DB00585,DB00493
DB00398,DB01026
DB01004,DB00242
DB01233,DB00408
DB01127,DB00292
DB00619,DB00669
DB00531,DB00583
DB01248,DB00523
DB00408,DB00683
DB00153,DB00621
DB00763,DB00544
DB00218,DB00176
DB00921,DB01229
DB00583,DB00753
DB00635,DB00435
DB01215,DB00656
DB00669,DB01254
DB00262,DB00230
DB00445,DB00396
DB00548,DB00883
DB00900,DB00987
DB01114,DB00683
DB00879,DB00631
DB00813,DB01367
DB01114,DB00608
DB01041,DB01238
DB01181,DB00435
DB01181,DB01189
DB01008,DB00331
DB01267,DB01167
DB00203,DB00541
DB01082,DB00284
DB00683,DB00433
DB00531,DB00915
DB01082,DB01020
DB01236,DB01008
DB01047,DB00717
DB00945,DB00799
DB02379,DB02530
DB00853,DB00242
DB01167,DB01229
DB00906,DB01105
DB01060,DB00485
DB02300,DB00959
DB01182,DB01238
DB00529,DB01043
DB00683,DB00477
DB00862,DB00218
DB00531,DB00585
DB00548,DB02530
DB00194,DB00851
DB00441,DB00201
DB00683,DB01110
DB00625,DB01242
DB00683,DB00317
DB01327,DB00277
DB00216,DB00188
DB00916,DB00242
DB00555,DB00188
DB01137,DB00176
DB00883,DB00819
DB00580,DB00740
DB00582,DB00230
DB01229,DB01037
DB00799,DB00356
DB00727,DB01181
DB01186,DB00480
DB00967,DB00683
DB00218,DB00224
DB01212,DB00718
DB00704,DB00844
DB00480,DB01097
DB00503,DB00216
DB00398,DB01238
DB00531,DB00671
DB00324,DB00421
DB00435,DB00859
DB01082,DB01190
DB00541,DB00457
DB00555,DB01105
DB00669,DB01037
DB00993,DB00205
DB00659,DB01043
DB00921,DB00193
DB00621,DB00620
DB00990,DB00635
DB01137,DB00323
DB00324,DB00717
DB00726,DB01151
DB00394,DB00351
DB01033,DB01327
DB00727,DB01189
DB01267,DB00193
DB00697,DB00188
DB00435,DB06151
DB00531,DB00350
DB01586,DB00753
DB01242,DB01041
DB00218,DB00323
DB00962,DB00176
DB00530,DB00203
DB01273,DB01186
DB00252,DB00480
DB00262,DB00544
DB01033,DB00577
DB00252,DB00740
DB00799,DB00549
DB00883,DB00822
DB00548,DB00741
DB00853,DB00851
DB01033,DB00550
DB00879,DB00531
DB00540,DB00934
DB00394,DB00153
DB00819,DB01020
DB00512,DB00485
DB00441,DB01008
DB00493,DB00501
DB00310,DB00524
DB01223,DB00339
DB00773,DB00783
DB00621,DB01410
DB00603,DB00294
DB01223,DB00683
DB00900,DB00501
DB01260,DB00421
DB01004,DB00399
DB00763,DB00339
DB01077,DB01005
DB01327,DB00851
DB00763,DB00822
DB00530,DB01167
DB01076,DB01254
DB00683,DB00399
DB00162,DB00435
DB01223,DB00563
DB00993,DB00724
DB01267,DB00989
DB00879,DB00811
DB01273,DB00619
DB00531,DB00621
DB01033,DB00435
DB01004,DB01223
DB02300,DB00136
DB01019,DB00819
DB00853,DB01033
DB01212,DB00485
DB00548,DB00583
DB00762,DB01263
DB01019,DB02379
DB00962,DB00503
DB00656,DB01254
DB00472,DB01263
DB01114,DB00205
DB01020,DB00822
DB00327,DB00541
DB01105,DB01238
DB00962,DB00216
DB00582,DB01267
DB01242,DB00503
DB01076,DB01263
DB00583,DB00883
DB00480,DB00987
DB00268,DB00188
DB01076,DB01232
DB00619,DB01238
DB01337,DB00531
DB01232,DB01041
DB00295,DB00674
DB01026,DB00317
DB01273,DB00683
DB00945,DB00591
DB00201,DB00493
DB00203,DB00216
DB00635,DB00307
DB01019,DB00822
DB01267,DB00327
DB00203,DB01186
DB00435,DB00395
DB01327,DB00763
DB00952,DB01186
DB00563,DB00495
DB01077,DB00753
DB01248,DB00811
DB00351,DB01047
DB00323,DB00783
DB00541,DB00549
DB01008,DB01189
DB01182,DB00230
DB00396,DB00294
DB00563,DB01048
DB00307,DB00188
DB00850,DB00683
DB01005,DB00859
DB00262,DB00435
DB00394,DB00717
DB01273,DB00811
DB00906,DB00989
DB00591,DB00199
DB00459,DB00989
DB00787,DB00851
DB00295,DB01037
DB01167,DB00317
DB00307,DB00877
DB01114,DB00257
DB00526,DB01041
DB00201,DB00331
DB00194,DB00501
DB00970,DB00457
DB00413,DB00531
DB00435,DB00513
DB00153,DB01047
DB00843,DB01037
DB00718,DB00577
DB02300,DB01020
DB00762,DB01045
DB01047,DB01020
DB00945,DB01210
DB00633,DB00484
DB00741,DB00162
DB00993,DB00859
DB00535,DB00501
DB00530,DB00346
DB00851,DB00819
DB01045,DB00549
DB00740,DB01136
DB00683,DB00878
DB00415,DB01053
DB00492,DB00188
DB00962,DB01263
DB00945,DB01053
DB00544,DB00495
DB00398,DB01045
DB00559,DB01101
DB00740,DB00564
DB00482,DB00877
DB00591,DB00770
DB01327,DB00900
DB00591,DB00641
DB00441,DB01263
DB00361,DB01263
DB01586,DB00717
DB00203,DB00317
DB01082,DB00883
DB00244,DB01041
DB01204,DB00480
DB00530,DB00457
DB00934,DB01242
DB00201,DB00550
DB00718,DB00531
DB00582,DB01101
DB00635,DB01037
DB00402,DB01186
DB01610,DB00495
DB00970,DB00317
DB00970,DB00485
DB00394,DB00624
DB00724,DB00480
DB00958,DB00877
DB01033,DB00819
DB00201,DB00819
DB00201,DB00916
DB00438,DB00795
DB01060,DB00319
DB00602,DB00591
DB01005,DB01143
DB00398,DB01267
DB00493,DB00277
DB00799,DB00158
DB00394,DB00770
DB00277,DB01610
DB01260,DB00717
DB00590,DB01242
DB01030,DB01045
DB00244,DB00531
DB00704,DB01045
DB00906,DB01242
DB00718,DB00426
DB00819,DB00277
DB00633,DB00201
DB00413,DB01101
DB00570,DB00457
DB00763,DB00900
DB00621,DB00753
DB00959,DB00435
DB00530,DB00773
DB01076,DB00740
DB00704,DB01263
DB00820,DB00541
DB00285,DB00740
DB00350,DB00763
DB01060,DB00671
DB01232,DB00783
DB00819,DB02530
DB00673,DB01167
DB00683,DB00158
DB00591,DB00700
DB00879,DB00194
DB00544,DB00484
DB00591,DB00654
DB02300,DB00621
DB00945,DB00970
DB00321,DB00934
DB00201,DB01610
DB01242,DB01232
DB01030,DB00188
DB00531,DB00593
DB01112,DB00485
DB00346,DB00541
DB00582,DB01254
DB01267,DB00482
DB00799,DB01188
DB00683,DB00544
DB00741,DB00770
DB00531,DB00869
DB01020,DB01260
DB00441,DB00877
DB01037,DB00216
DB00993,DB00969
DB00850,DB00880
DB00530,DB00724
DB01367,DB00188
DB00921,DB00844
DB00585,DB00671
DB01060,DB00438
DB00331,DB00753
DB00363,DB00669
DB01004,DB00480
DB00205,DB00608
DB01082,DB00194
DB00200,DB00361
DB01114,DB00799
DB00277,DB00550
DB01337,DB01047
DB02379,DB01047
DB01019,DB02530
DB00853,DB00631
DB00503,DB01041
DB00493,DB00763
DB00201,DB00242
DB00880,DB00524
DB01181,DB00753
DB00591,DB00523
DB00975,DB00993
DB00624,DB01047
DB01263,DB00399
DB01048,DB00242
DB01030,DB00218
DB01223,DB00350
DB00945,DB00861
DB01060,DB01045
DB00709,DB00544
DB00724,DB00669
DB01267,DB00541
DB00945,DB00565
DB00993,DB00753
DB00713,DB01060
DB00480,DB00776
DB00620,DB00877
DB00248,DB00320
DB01263,DB00656
DB02300,DB00435
DB01030,DB00317
DB00408,DB00433
DB00746,DB00435
DB00350,DB00435
DB00529,DB00435
DB01410,DB00421
DB00371,DB00435
DB00621,DB00883
DB00218,DB00317
DB00394,DB01337
DB00583,DB00822
DB00531,DB01264
DB00853,DB01223
DB00252,DB01041
DB00440,DB00795
DB00993,DB00495
DB00624,DB01008
DB00704,DB01267
DB00860,DB00294
DB00819,DB00859
DB00262,DB01043
DB00862,DB00457
DB00544,DB00339
DB00559,DB01254
DB00361,DB01254
DB00635,DB00740
DB01183,DB00565
DB00417,DB01060
DB00740,DB00906
DB01129,DB01254
DB00860,DB01183
DB01137,DB00704
DB00563,DB01610
DB00205,DB00257
DB01610,DB00987
DB00952,DB00188
DB00153,DB01260
DB00242,DB00544
DB00482,DB01037
DB01082,DB00207
DB00740,DB01167
DB01267,DB00966
DB00218,DB00307
DB01204,DB01045
DB00582,DB00962
DB00548,DB00443
DB00633,DB00563
DB00503,DB01037
DB02300,DB00162
DB00343,DB00740
DB01337,DB00324
DB00883,DB02530
DB00458,DB01151
DB00323,DB01242
DB00426,DB00194
DB00570,DB00549
DB00201,DB00292
DB00413,DB01267
DB00822,DB02530
DB00945,DB01410
DB00331,DB01189
DB02300,DB02379
DB00577,DB00544
DB00201,DB00484
DB01223,DB00819
DB00195,DB00445
DB01004,DB01254
DB02379,DB00822
DB00194,DB02379
DB00480,DB00503
DB00548,DB01047
DB00883,DB01005
DB00398,DB00740
DB01263,DB01045
DB00959,DB01005
DB00203,DB00909
DB00958,DB00753
DB00529,DB01181
DB00717,DB00294
DB01156,DB00740
DB01229,DB01008
DB00619,DB00544
DB00631,DB01610
DB01033,DB01048
DB01114,DB01589
DB00591,DB01229
DB00529,DB00273
DB00879,DB00277
DB01229,DB00396
DB01233,DB00543
DB01127,DB00799
DB00649,DB00993
DB00591,DB00367
DB00531,DB01238
DB01045,DB00912
DB00552,DB00242
DB01182,DB00480
DB01033,DB00426
DB00770,DB01047
DB01101,DB01238
DB00819,DB01143
DB00945,DB01127
DB00426,DB00201
DB00734,DB01254
DB01182,DB00989
DB01611,DB00188
DB01118,DB00773
DB00530,DB00970
DB00162,DB00443
DB00459,DB00230
DB00438,DB01254
DB01004,DB00552
DB02379,DB00199
DB02379,DB01260
DB00740,DB00323
DB00962,DB01254
DB00153,DB02379
DB00842,DB00475
DB00435,DB00593
DB01167,DB01238
DB00210,DB00741
DB00799,DB00570
DB01149,DB01167
DB00763,DB00257
DB00203,DB00683
DB01232,DB00523
DB00115,DB00320
DB01193,DB00264
DB01143,DB00753
DB00879,DB00242
DB00862,DB01254
DB00218,DB01610
DB00200,DB00570
DB00503,DB01101
DB00860,DB00162
DB00413,DB00993
DB00770,DB01410
DB00493,DB00544
DB00819,DB00501
DB00250,DB00477
DB01045,DB00328
DB00458,DB00321
DB01005,DB00523
DB00624,DB00704
DB00819,DB00493
DB01223,DB01610
DB00115,DB00900
DB00860,DB00753
DB00822,DB00435
DB00548,DB00822
DB00435,DB00753
DB00822,DB02530
DB00822,DB00753
DB01019,DB00822
DB00435,DB00593
DB01143,DB00435
DB01077,DB00435
DB02379,DB00822
DB00371,DB00435
DB00822,DB00917
DB01019,DB00548
DB00435,DB00419
DB00583,DB00822
DB00435,DB00513
DB01019,DB00435
DB00548,DB00753
DB00548,DB00435
DB00753,DB00593
DB00753,DB00419
DB00753,DB02530
DB00435,DB02530
DB00822,DB00593
DB01077,DB00753
DB00548,DB00593
DB00548,DB00419
DB01020,DB00822
DB00435,DB01189
DB01019,DB00917
DB00822,DB00419
DB01143,DB00822
DB01077,DB00822
DB00162,DB00822
DB01019,DB00419
DB01019,DB00593
DB00435,DB00859
DB02379,DB00593
DB01019,DB00753
DB00162,DB00419
DB01143,DB00753
DB00583,DB00593
DB00593,DB00917
DB00548,DB02530
DB00548,DB00917
DB00419,DB00917
DB00763,DB00435
DB01143,DB00593
DB00753,DB00917
DB01077,DB01189
DB00883,DB00435
DB00819,DB00435
DB01189,DB00859
DB00621,DB01189
DB00917,DB02530
DB01019,DB02530
DB01020,DB00435
DB00324,DB01189
DB01019,DB00162
DB00593,DB02530
DB01020,DB00593
DB00753,DB00513
DB00435,DB00395
DB00162,DB00593
DB00419,DB02530
DB00621,DB00593
DB01077,DB01143
DB00822,DB00513
DB00583,DB00917
DB00621,DB00822
DB00819,DB01189
DB00419,DB01189
DB01143,DB00419
DB02379,DB00753
DB00435,DB00917
DB01189,DB00593
DB01020,DB00753
DB00763,DB01189
DB00583,DB00435
DB00513,DB00593
DB00822,DB01189
DB00851,DB00435
DB00621,DB00419
DB01077,DB00593
DB01019,DB01143
DB01586,DB01189
DB00371,DB00753
DB00201,DB00435
DB02379,DB00435
DB00548,DB01189
DB00548,DB00162
DB00883,DB00822
DB00435,DB00294
DB01143,DB01189
DB02300,DB01189
DB00201,DB01189
DB00435,DB00339
DB00883,DB00593
DB01077,DB00917
DB02379,DB00917
DB01077,DB00513
DB00371,DB00822
DB00435,DB06151
DB00583,DB00753
DB01143,DB00859
DB00435,DB00780
DB00621,DB01143
DB00883,DB01143
DB00153,DB01189
DB01143,DB00513
DB01082,DB01189
DB02379,DB00419
DB00819,DB01143
DB01189,DB00513
DB01019,DB01077
DB01020,DB01189
DB00371,DB01189
DB01077,DB00419
DB00162,DB00917
DB00763,DB00753
DB00419,DB00593
DB00883,DB01189
DB00753,DB00859
DB01189,DB00294
DB00324,DB00822
DB00435,DB00672
DB01077,DB00819
DB02300,DB00593
DB01189,DB00339
DB00548,DB01143
DB00324,DB00593
DB00819,DB00859
DB00419,DB00859
DB00371,DB00593
DB00763,DB01143
DB00371,DB01143
DB00548,DB01077
DB01143,DB00395
DB01020,DB00419
DB00934,DB00435
DB06151,DB01189
DB00822,DB00859
DB00763,DB00593
DB00419,DB00513
DB01143,DB02530
DB00201,DB00859
DB00435,DB00191
DB00583,DB00419
DB01020,DB01143
DB00371,DB00419
DB00648,DB01189
DB00548,DB00583
DB00435,DB00752
DB00819,DB00753
DB00672,DB01189
DB00822,DB01022
DB00419,DB01577
DB02379,DB01189
DB01577,DB00593
DB01019,DB00583
DB00350,DB01189
DB00648,DB00435
DB00934,DB01189
DB01020,DB00917
DB00324,DB00419
DB00621,DB00435
DB00162,DB02530
DB01124,DB00435
DB00851,DB01189
DB00583,DB01143
DB00763,DB00419
DB01236,DB01005
DB00419,DB01022
DB00859,DB00593
DB01124,DB01189
DB01022,DB00593
DB00395,DB01189
DB01019,DB01189
DB02300,DB01143
DB02300,DB00435
DB01189,DB02530
DB01082,DB00294
DB00630,DB01189
DB00822,DB00395
DB02300,DB00419
DB01189,DB00917
DB01143,DB00294
DB01143,DB00917
DB00763,DB00859
DB00934,DB00859
DB00548,DB02379
DB00763,DB00822
DB01019,DB00621
DB00558,DB00435
DB00883,DB00859
DB00882,DB00593
DB01005,DB00915
DB02300,DB00822
DB01586,DB00593
DB00934,DB01143
DB01124,DB01143
DB01077,DB00859
DB00529,DB01005
DB01019,DB00513
DB00883,DB00419
DB00591,DB00201
DB00882,DB00822
DB01019,DB02379
DB00746,DB01189
DB00851,DB00859
DB00350,DB00435
DB00819,DB00822
DB00822,DB01577
DB00548,DB00371
DB00201,DB00753
DB00851,DB00753
DB00819,DB01005
DB00305,DB01189
DB00529,DB00878
DB01077,DB00851
DB01586,DB01143
DB00819,DB00746
DB00883,DB00753
DB00350,DB00859
DB00443,DB01189
DB01082,DB01143
DB01005,DB01189
DB01143,DB00339
DB01586,DB00822
DB01221,DB00859
DB01260,DB01189
DB00780,DB01189
DB02379,DB01143
DB00201,DB01077
DB01236,DB00819
DB00201,DB01410
DB01124,DB00419
DB00201,DB01143
DB00550,DB01189
DB00201,DB00294
DB00752,DB01189
DB00621,DB01077
DB01005,DB00435
DB00250,DB00435
DB00548,DB00513
DB00874,DB01189
DB00882,DB00419
DB00550,DB00435
DB00822,DB00294
DB00672,DB00419
DB01033,DB01189
DB01019,DB00859
DB01124,DB00593
DB01077,DB00294
DB00529,DB00435
DB01337,DB01077
DB01082,DB00435
DB01082,DB00917
DB00883,DB00294
DB01114,DB00435
DB01189,DB00878
DB00194,DB01189
DB01047,DB01189
DB00630,DB00435
DB00819,DB06151
DB00934,DB00753
DB00250,DB01189
DB01236,DB00529
DB01189,DB01216
DB00780,DB00593
DB00395,DB00753
DB00162,DB00753
DB01124,DB00822
DB00851,DB00822
DB00558,DB01189
DB01077,DB00371
DB00780,DB00753
DB01124,DB00753
DB01236,DB00859
DB00746,DB00435
DB00672,DB00593
DB00294,DB00593
DB01337,DB01143
DB00371,DB00513
DB00630,DB00819
DB01143,DB00672
DB01143,DB06151
DB00324,DB01143
DB00780,DB00419
DB00583,DB01189
DB01077,DB00763
DB01236,DB00630
DB00548,DB01020
DB00371,DB00859
DB00371,DB00917
DB00529,DB00915
DB00201,DB00822
DB00419,DB00294
DB00529,DB00727
DB01337,DB00593
DB00191,DB00859
DB00780,DB00859
DB00291,DB01189
DB00294,DB00339
DB01221,DB01189
DB01077,DB02530
DB01053,DB00822
DB00201,DB00593
DB00205,DB01189
DB00770,DB01005
DB00513,DB00859
DB00513,DB02530
DB00435,DB00291
DB01337,DB01189
DB01143,DB01221
DB01082,DB00934
DB00883,DB00917
DB00753,DB01189
DB00822,DB06151
DB00882,DB01189
DB01033,DB01236
DB00205,DB00435
DB00752,DB00859
DB00648,DB00763
DB00371,DB00763
DB01577,DB00917
DB00648,DB00201
DB00435,DB00305
DB00395,DB00859
DB00153,DB01143
DB00746,DB00763
DB00339,DB00593
DB00395,DB00593
DB01019,DB00324
DB00201,DB00746
DB00753,DB00294
DB00648,DB01143
DB00279,DB01189
DB00435,DB01577
DB00395,DB00419
DB00529,DB00623
DB00210,DB01189
DB00529,DB00545
DB00191,DB01189
DB00435,DB01589
DB00550,DB01143
DB00621,DB00753
DB01077,DB00934
DB00648,DB01077
DB00250,DB00529
DB06151,DB00859
DB00417,DB01189
DB01032,DB01189
DB00153,DB00859
DB01077,DB00395
DB00339,DB00917
DB00294,DB00513
DB00351,DB01189
DB01077,DB00191
DB00763,DB00513
DB00763,DB00917
DB00513,DB00917
DB00435,DB01221
DB00714,DB00822
DB01053,DB00419
DB01082,DB00753
DB00874,DB00859
DB01082,DB00593
DB01275,DB00529
DB00841,DB01189
DB00819,DB00371
DB00819,DB00419
DB00746,DB00859
DB01053,DB01189
DB00763,DB00294
DB00350,DB01143
DB00851,DB01143
DB00672,DB00753
DB06151,DB00753
DB00435,DB00737
DB00804,DB01189
DB01005,DB00859
DB00701,DB00435
DB00529,DB01189
DB01019,DB00371
DB00819,DB00513
DB01082,DB00859
DB00583,DB00162
DB00475,DB01189
DB01151,DB01189
DB01143,DB00780
DB01082,DB01077
DB00883,DB00819
DB01077,DB00339
DB00162,DB01143
DB00324,DB00780
DB00822,DB00672
DB00395,DB00917
DB00529,DB00477
DB00880,DB01189
DB00529,DB00208
DB00529,DB00746
DB00746,DB00934
DB00529,DB00880
DB01337,DB00934
DB00819,DB00934
DB00356,DB01189
DB00201,DB00419
DB00353,DB00435
DB00851,DB00419
DB00841,DB00859
DB01236,DB00305
DB00671,DB01189
DB00648,DB00746
DB01020,DB00294
DB00714,DB01189
DB00746,DB01143
DB00435,DB00717
DB01143,DB00191
DB00201,DB00917
DB00548,DB00859
DB01143,DB00752
DB00583,DB01077
DB01020,DB00859
DB00621,DB00780
DB01077,DB06151
DB00153,DB00593
DB00423,DB01189
DB01236,DB00746
DB00529,DB00819
DB00529,DB01623
DB00162,DB01189
DB00841,DB00593
DB00753,DB01577
DB00435,DB00809
DB01221,DB00419
DB00324,DB00435
DB00435,DB00804
DB00874,DB00593
DB00558,DB01143
DB01019,DB00294
DB06151,DB00593
DB00435,DB00874
DB01114,DB00419
DB01053,DB01143
DB00883,DB00513
DB00191,DB00753
DB00819,DB00305
DB00822,DB00780
DB00543,DB00859
DB00153,DB00435
DB00529,DB00799
DB01143,DB00291
DB00205,DB01143
DB00435,DB00878
DB00659,DB01005
DB00191,DB00593
DB01410,DB00435
DB00753,DB00339
DB01189,DB00501
DB00376,DB00859
DB00714,DB00593
DB00529,DB00608
DB00741,DB01189
DB00162,DB00435
DB00763,DB00934
DB01410,DB01189
DB00376,DB00435
DB00558,DB00859
DB01082,DB00621
DB00201,DB00371
DB00394,DB01189
DB00435,DB00499
DB01406,DB01005
DB00201,DB00324
DB00880,DB00435
DB00851,DB00593
DB00753,DB01022
DB00654,DB01189
DB01236,DB00648
DB01236,DB00915
DB00529,DB00356
DB01033,DB00435
DB01077,DB01221
DB00548,DB00294
DB00945,DB00529
DB00205,DB00593
DB00752,DB00593
DB00648,DB00753
DB00585,DB01189
DB01337,DB00822
DB01623,DB01189
DB01586,DB00435
DB00602,DB00201
DB01005,DB00934
DB01005,DB00753
DB00819,DB00878
DB00780,DB00917
DB00648,DB01005
DB00201,DB00717
DB00819,DB00915
DB01236,DB00593
DB00648,DB00419
DB00648,DB00859
DB00548,DB00621
DB01151,DB00435
DB01005,DB01143
DB00350,DB00593
DB00191,DB00419
DB00934,DB00513
DB00934,DB00593
DB01143,DB00376
DB00499,DB01189
DB00851,DB00746
DB00419,DB00752
DB00648,DB00339
DB00882,DB00435
DB00882,DB00859
DB00883,DB00851
DB00859,DB00917
DB00194,DB00859
DB00350,DB00294
DB00648,DB00819
DB00714,DB01143
DB00714,DB00859
DB00529,DB00859
DB00548,DB01577
DB01189,DB01188
DB00672,DB00917
DB00371,DB00294
DB00672,DB00859
DB01124,DB00859
DB00851,DB00371
DB00915,DB01189
DB01189,DB01577
DB01221,DB00593
DB00883,DB00780
DB01077,DB00780
DB01020,DB00513
DB00514,DB01189
DB00321,DB00529
DB00529,DB01069
DB00558,DB01077
DB01114,DB01189
DB01053,DB00593
DB00529,DB00648
DB00529,DB00934
DB01337,DB00859
DB01082,DB00780
DB00583,DB00513
DB01189,DB00794
DB01114,DB01143
DB00194,DB00294
DB01005,DB00878
DB01143,DB01577
DB00350,DB00746
DB00819,DB00593
DB00294,DB00859
DB00608,DB01189
DB00393,DB00435
DB00746,DB00822
DB00648,DB00822
DB00548,DB00934
DB00201,DB01260
DB00284,DB01189
DB01151,DB00746
DB02379,DB00859
DB01127,DB00859
DB00602,DB01189
DB01077,DB00291
DB00671,DB00294
DB00548,DB00324
DB01082,DB02300
DB01082,DB00822
DB00920,DB01189
DB00529,DB00257
DB01151,DB00859
DB00737,DB00859
DB00714,DB00435
DB00529,DB00499
DB00548,DB00780
DB00746,DB00753
DB00417,DB00593
DB01127,DB01189
DB00819,DB00804
DB00701,DB01143
DB00591,DB00608
DB00529,DB01143
DB00529,DB01221
DB00859,DB00339
DB00376,DB01189
DB01114,DB00593
DB00529,DB01151
DB01189,DB01589
DB00648,DB00350
DB00763,DB00780
DB01022,DB01189
DB00294,DB02530
DB00822,DB01221
DB00591,DB00671
DB01082,DB00548
DB01019,DB00763
DB02379,DB00294
DB00475,DB00859
DB01151,DB01143
DB01173,DB01143
DB01143,DB00809
DB00201,DB00934
DB00746,DB00593
DB00841,DB00822
DB00859,DB01577
DB00550,DB00593
DB00278,DB00435
DB02300,DB00753
DB00199,DB01005
DB01008,DB00331
DB01189,DB00737
DB01082,DB00648
DB00201,DB00621
DB00371,DB00339
DB00671,DB00419
DB00804,DB00859
DB00648,DB00671
DB00798,DB01005
DB01033,DB00859
DB01005,DB00822
DB00201,DB00883
DB00951,DB01189
DB00417,DB00435
DB00714,DB00419
DB01173,DB00435
DB00250,DB00859
DB01275,DB01005
DB00371,DB02530
DB00446,DB01189
DB00359,DB01189
DB00746,DB00339
DB00182,DB01189
DB00548,DB00201
DB01143,DB00874
DB01077,DB00324
DB00746,DB00419
DB06151,DB00419
DB01236,DB00763
DB00548,DB00883
DB01082,DB00752
DB00540,DB00529
DB00775,DB01189
DB00583,DB00294
DB00621,DB00859
DB00915,DB00859
DB00591,DB01189
DB00851,DB00294
DB00182,DB00529
DB00879,DB00591
DB00204,DB00529
DB00417,DB00822
DB01173,DB00859
DB00718,DB01189
DB00621,DB00934
DB02300,DB00859
DB00395,DB00513
DB00701,DB01189
DB00558,DB00763
DB00208,DB01189
DB00717,DB01189
DB01589,DB00859
DB00294,DB00917
DB00822,DB00752
DB00435,DB00475
DB01143,DB00305
DB01019,DB00882
DB01020,DB00780
DB00648,DB00593
DB00583,DB00859
DB00621,DB00917
DB01236,DB01143
DB00714,DB01077
DB01143,DB00737
DB00250,DB00746
DB01019,DB00851
DB02300,DB00513
DB01236,DB00501
DB00291,DB00593
DB00934,DB00917
DB00250,DB01143
DB00278,DB01143
DB00883,DB01077
DB00746,DB01623
DB01189,DB00257
DB01032,DB00435
DB00543,DB00435
DB01240,DB01005
DB00558,DB00753
DB00934,DB00419
DB01082,DB01236
DB00819,DB01410
DB01577,DB02530
DB00194,DB01143
DB01124,DB00917
DB01236,DB00201
DB00859,DB02530
DB01053,DB00859
DB01036,DB01189
DB00529,DB06700
DB00529,DB00543
DB00262,DB00727
DB00529,DB01188
DB01236,DB01275
DB01236,DB00934
DB00529,DB00593
DB00672,DB00294
DB00529,DB00850
DB00529,DB00951
DB00763,DB00752
DB01124,DB01077
DB00753,DB00752
DB01032,DB01143
DB01210,DB01189
DB00324,DB00753
DB00540,DB01005
DB01410,DB00608
DB00543,DB01189
DB01019,DB00780
DB00205,DB00419
DB00746,DB06151
DB00822,DB00339
DB00529,DB00331
DB00529,DB01126
DB00415,DB01189
DB00278,DB00859
DB00819,DB00763
DB00809,DB00593
DB00861,DB01189
DB00920,DB00859
DB01127,DB01143
DB01236,DB01406
DB00417,DB00419
DB00780,DB00513
DB01143,DB01589
DB01033,DB00915
DB00201,DB00915
DB00324,DB00543
DB01124,DB00371
DB00182,DB00435
DB01143,DB00804
DB01077,DB00752
DB00746,DB00671
DB00819,DB00136
DB00990,DB00819
DB00529,DB00262
DB00654,DB01143
DB00205,DB00917
DB00746,DB01221
DB01236,DB00659
DB00924,DB00529
DB01083,DB01005
DB00602,DB00819
DB00701,DB00324
DB00701,DB00859
DB00558,DB00593
DB01005,DB00593
DB01082,DB00191
DB00545,DB01005
DB00990,DB01189
DB00435,DB01216
DB00153,DB00201
DB01143,DB00794
DB01033,DB00648
DB00393,DB01189
DB00841,DB00419
DB00305,DB00859
DB00514,DB00859
DB02300,DB00201
DB00746,DB00475
DB00819,DB00294
DB00291,DB00859
DB00435,DB00794
DB00182,DB00819
DB00648,DB00851
DB01033,DB00591
DB01019,DB00201
DB00621,DB00371
DB00205,DB00294
DB02300,DB01019
DB00324,DB00917
DB00623,DB00746
DB01236,DB00878
DB01221,DB00753
DB00417,DB00859
DB01005,DB00136
DB00550,DB00822
DB01082,DB00371
DB00201,DB01047
DB00353,DB00419
DB00851,DB00513
DB00822,DB00191
DB00435,DB00446
DB00529,DB05271
DB00882,DB01143
DB01077,DB02379
DB06151,DB00294
DB00841,DB01143
DB00210,DB00435
DB00859,DB00878
DB00591,DB00350
DB00591,DB00763
DB00529,DB00514
DB01337,DB00419
DB01005,DB06151
DB00499,DB00859
DB01410,DB01143
DB00529,DB01406
DB00529,DB00305
DB00201,DB01623
DB00201,DB00513
DB00350,DB00917
DB00819,DB00727
DB01410,DB00339
DB00648,DB00883
DB00529,DB00857
DB01337,DB00780
DB00621,DB00672
DB01586,DB00419
DB01236,DB00262
DB00794,DB00859
DB00648,DB00194
DB00417,DB01143
DB00701,DB00621
DB00591,DB00851
DB00591,DB00435
DB01275,DB01189
DB00529,DB00630
DB00548,DB00819
DB00550,DB00859
DB00435,DB00356
DB00529,DB00433
DB01143,DB01188
DB00718,DB01236
DB00621,DB00543
DB01077,DB00550
DB01623,DB00859
DB01124,DB00513
DB00770,DB00915
DB00990,DB01236
DB00633,DB01005
DB01005,DB01194
DB01173,DB01189
DB01033,DB00746
DB01033,DB00294
DB00726,DB00859
DB00278,DB01189
DB00883,DB00752
DB00350,DB00822
DB01236,DB00558
DB00565,DB00859
DB00435,DB00915
DB00648,DB00630
DB00529,DB00408
DB00934,DB02530
DB01019,DB01577
DB01275,DB00201
DB00583,DB02530
DB00746,DB00780
DB00763,DB00717
DB00880,DB00859
DB00851,DB00934
DB00714,DB00753
DB00529,DB00333
DB00250,DB00819
DB00726,DB00746
DB00726,DB01189
DB00278,DB00593
DB00205,DB00753
DB00746,DB01589
DB00353,DB00593
DB00753,DB00291
DB01337,DB00294
DB00718,DB00435
DB01236,DB00419
DB00182,DB00859
DB00529,DB00450
DB00659,DB00435
DB00419,DB01589
DB00182,DB00201
DB00529,DB00802
DB00548,DB00714
DB00882,DB00917
DB01151,DB00819
DB00608,DB00294
DB00550,DB00753
DB01082,DB00543
DB00726,DB00529
DB01019,DB01022
DB00583,DB00371
DB02300,DB00371
DB00659,DB00819
DB00659,DB00727
DB00799,DB01189
DB00714,DB00917
DB00529,DB00359
DB00934,DB00822
DB00869,DB01005
DB00708,DB00859
DB00659,DB00591
DB00210,DB00763
DB00671,DB00753
DB00822,DB00291
DB00333,DB01189
DB00529,DB01083
DB00529,DB00780
DB00548,DB00763
DB00262,DB00331
DB01143,DB00543
DB01143,DB00671
DB00883,DB00672
DB01124,DB00294
DB01236,DB00585
DB00671,DB00859
DB00591,DB00819
DB00262,DB01194
DB01143,DB00915
DB01019,DB00819
DB00545,DB01189
DB02379,DB00513
DB00350,DB01077
DB06700,DB00819
DB00880,DB01143
DB00558,DB00883
DB01019,DB01020
DB00278,DB00822
DB00201,DB00763
DB00201,DB01020
DB01077,DB00205
DB00990,DB00201
DB01082,DB00419
DB01077,DB00671
DB00630,DB00305
DB00672,DB00513
DB00529,DB00379
DB01033,DB00990
DB01033,DB00602
DB01082,DB01221
DB00351,DB00435
DB00883,DB00371
DB00419,DB00339
DB00822,DB00874
DB01077,DB00841
DB00324,DB00191
DB00746,DB00915
DB00819,DB00284
DB01236,DB00350
DB01236,DB00199
DB00584,DB01189
DB00321,DB01005
DB01143,DB00475
DB01143,DB00717
DB01082,DB00513
DB00201,DB00819
DB01077,DB01586
DB00659,DB00201
DB00350,DB00419
DB00136,DB01189
DB00602,DB01143
DB01189,DB01126
DB00371,DB00672
DB00350,DB00819
DB00648,DB00550
DB00153,DB00671
DB00278,DB00419
DB00583,DB00621
DB00920,DB00435
DB01623,DB00763
DB00763,DB06151
DB00529,DB00967
DB01337,DB00819
DB00194,DB00593
DB01260,DB01143
DB01019,DB00714
DB01077,DB01577
DB00851,DB01410
DB00648,DB00371
DB01005,DB00804
DB00550,DB00419
DB00883,DB00339
DB00659,DB01189
DB00746,DB00878
DB00591,DB00623
DB01053,DB00917
DB00443,DB00593
DB01077,DB00278
DB00763,DB01221
DB00222,DB01005
DB00423,DB00859
DB00623,DB00859
DB00879,DB01410
DB01077,DB01410
DB00746,DB00499
DB00371,DB01020
DB00371,DB01005
DB00623,DB01189
DB01236,DB06151
DB01189,DB01117
DB00809,DB01189
DB01114,DB00822
DB00529,DB00278
DB01005,DB00857
DB00934,DB00339
DB01082,DB00324
DB01047,DB01143
DB00621,DB00513
DB00205,DB00859
DB00920,DB01143
DB02379,DB00780
DB01189,DB00470
DB00529,DB00869
DB00763,DB00191
DB00671,DB00917
DB00194,DB00435
DB00558,DB00822
DB00924,DB01005
DB01047,DB00435
DB00350,DB00371
DB06151,DB00513
DB00819,DB00947
DB01236,DB01077
DB00153,DB00822
DB00153,DB00419
DB00529,DB00291
DB00529,DB00446
DB00262,DB00915
DB00718,DB00591
DB01236,DB00294
DB00529,DB00822
DB00529,DB00470
DB00262,DB01005
DB00443,DB00822
DB00557,DB00859
DB00435,DB01188
DB00874,DB00419
DB00585,DB00435
DB00799,DB01005
DB00353,DB00621
DB00701,DB01586
DB00182,DB01005
DB00529,DB01205
DB01337,DB00201
DB00558,DB00934
DB01082,DB00883
DB01410,DB00763
DB00648,DB00294
DB00529,DB00708
DB00548,DB00395
DB00351,DB01143
DB00659,DB00199
DB01586,DB00859
DB00513,DB00339
DB00591,DB00205
DB00608,DB00435
DB00201,DB00261
DB00205,DB00746
DB00947,DB01189
DB00763,DB00393
DB00350,DB01410
DB00822,DB00809
DB00182,DB01143
DB01143,DB00356
DB00990,DB00859
DB01236,DB00435
DB00291,DB00419
DB00701,DB00917
DB00585,DB00746
DB01143,DB01022
DB01019,DB01124
DB00602,DB00763
DB00513,DB01577
DB00356,DB00859
DB00591,DB00408
DB01114,DB00753
DB00153,DB00819
DB01005,DB00419
DB01033,DB00659
DB01077,DB00672
DB02379,DB00371
DB01586,DB00780
DB00210,DB00859
DB00529,DB00280
DB00529,DB00205
DB00558,DB00819
DB00934,DB06151
DB00278,DB00753
DB00920,DB00529
DB00746,DB00752
DB00746,DB00294
DB01623,DB00435
DB00371,DB00780
DB00191,DB00917
DB01236,DB00880
DB00752,DB00339
DB00543,DB00917
DB00558,DB00621
DB00861,DB00435
DB01173,DB00593
DB00324,DB00513
DB01236,DB00798
DB00305,DB00753
DB01240,DB00819
DB00307,DB00993
DB01032,DB00859
DB00262,DB01190
DB00726,DB00435
DB01019,DB00934
DB00583,DB00324
DB00659,DB00993
DB00324,DB00752
DB00350,DB00513
DB00630,DB01143
DB00819,DB00917
DB00529,DB00798
DB00652,DB01189
DB00746,DB00550
DB00746,DB00305
DB01236,DB00284
DB00701,DB00883
DB01114,DB00746
DB00529,DB01203
DB00211,DB01189
DB00262,DB00869
DB00250,DB00593
DB00201,DB00947
DB00630,DB00593
DB00353,DB00822
DB00819,DB00799
DB01236,DB00851
DB00859,DB01216
DB00822,DB00305
DB00529,DB00993
DB00548,DB00353
DB00548,DB00672
DB01005,DB00305
DB01082,DB01589
DB00557,DB00435
DB00353,DB00917
DB00851,DB00763
DB01236,DB00339
DB01197,DB00529
DB01221,DB00513
DB00529,DB01291
DB00262,DB00435
DB00621,DB00278
DB00746,DB00672
DB00208,DB01005
DB01410,DB00753
DB01236,DB00608
DB00809,DB00419
DB00262,DB00770
DB00250,DB01236
DB01082,DB00746
DB01236,DB00359
DB01589,DB00593
DB00822,DB00671
DB01053,DB00753
DB00529,DB00698
DB00529,DB00198
DB00548,DB00851
DB00459,DB00262
DB01143,DB00499
DB00727,DB01406
DB00201,DB02379
DB00583,DB01577
DB00659,DB00799
DB00659,DB00671
DB00350,DB00717
DB00210,DB01143
DB00752,DB00917
DB00529,DB00211
DB00529,DB06151
DB00529,DB00752
DB00548,DB00339
DB01019,DB00672
DB00393,DB01143
DB00208,DB00435
DB01410,DB00593
DB01236,DB01216
DB00602,DB00350
DB00529,DB01124
DB00529,DB01110
DB01082,DB01410
DB00455,DB00529
DB00201,DB00851
DB00621,DB00339
DB02300,DB01077
DB00324,DB00339
DB00880,DB00746
DB00529,DB00377
DB00279,DB00859
DB01275,DB00819
DB00621,DB00191
DB01236,DB00602
DB00602,DB00859
DB00701,DB00746
DB00836,DB01189
DB00529,DB00591
DB01143,DB00878
DB00393,DB00859
DB01077,DB00746
DB02379,DB00934
DB00819,DB00395
DB00701,DB01221
DB00701,DB00593
DB01036,DB00859
DB00459,DB01008
DB01033,DB00593
DB00710,DB00529
DB00718,DB00746
DB01077,DB01005
DB00350,DB00804
DB01124,DB00763
DB00990,DB01143
DB00435,DB00584
DB00194,DB00917
DB00558,DB00851
DB01151,DB00201
DB01077,DB00305
DB00324,DB00672
DB00763,DB00499
DB00350,DB00753
DB00353,DB00753
DB01410,DB00859
DB00717,DB00339
DB00374,DB01189
DB00358,DB01005
DB00182,DB00746
DB00700,DB01005
DB00529,DB00222
DB01275,DB00591
DB00654,DB00859
DB01586,DB00753
DB00602,DB00435
DB00993,DB00915
DB00514,DB00435
DB00529,DB00393
DB00529,DB00214
DB00548,DB00882
DB00883,DB00763
DB00883,DB00191
DB01124,DB00201
DB00819,DB00545
DB01410,DB00671
DB00529,DB00475
DB01260,DB00435
DB00284,DB01143
DB00746,DB00543
DB00746,DB00501
DB00371,DB00934
DB00191,DB00513
DB00990,DB01005
DB01053,DB00435
DB00529,DB01183
DB01337,DB00543
DB00968,DB00529
DB00746,DB00799
DB00763,DB00915
DB01008,DB01190
DB00819,DB00499
DB00819,DB01216
DB00210,DB00201
DB00591,DB00339
DB00558,DB00419
DB00262,DB00199
DB01406,DB01189
DB01082,DB00714
DB00201,DB00499
DB00408,DB01005
DB00350,DB06151
DB00257,DB00859
DB00591,DB00261
DB00591,DB00501
DB00359,DB00435
DB00529,DB00489
DB00798,DB00648
DB01005,DB00367
DB01082,DB00717
DB00718,DB00934
DB00621,DB01577
DB00659,DB00770
DB00659,DB00277
DB00859,DB01188
DB00435,DB00423
DB00529,DB00958
DB00529,DB00668
DB01033,DB01143
DB01082,DB01124
DB01019,DB01053
DB00659,DB00798
DB00659,DB00493
DB00947,DB00435
DB00199,DB01189
DB00324,DB00294
DB00746,DB00371
DB00763,DB00804
DB00763,DB00395
DB00818,DB01005
DB00671,DB00593
DB00356,DB00294
DB00809,DB00753
DB06700,DB01189
DB00529,DB00191
DB00529,DB01190
DB00529,DB01194
DB00548,DB01053
DB00798,DB00262
DB00278,DB00294
DB00883,DB00205
DB00883,DB00543
DB00284,DB00435
DB00746,DB00191
DB00746,DB00737
DB02379,DB02530
DB01236,DB00591
DB00376,DB00419
DB00585,DB01005
DB01291,DB01189
DB01082,DB00153
DB00621,DB02530
DB00205,DB00822
DB00746,DB00291
DB01236,DB00799
DB00633,DB00262
DB01022,DB00513
DB00591,DB00543
DB00358,DB00529
DB00182,DB00339
DB00529,DB01241
DB01005,DB00998
DB00718,DB00859
DB00371,DB06151
DB00353,DB01189
DB01410,DB00822
DB01236,DB00261
DB01082,DB01151
DB00201,DB00780
DB00659,DB01223
DB00353,DB00859
DB00851,DB01020
DB00851,DB02530
DB00770,DB00819
DB00514,DB00746
DB00714,DB00746
DB00153,DB00746
DB00548,DB01124
DB00882,DB00753
DB01337,DB00752
DB00262,DB01189
DB01005,DB00668
DB00654,DB00435
DB06700,DB00201
DB00623,DB00435
DB01236,DB00136
DB00514,DB01143
DB00701,DB01077
DB00153,DB00513
DB00529,DB00373
DB00558,DB00201
DB01005,DB01241
DB00198,DB01005
DB01077,DB00162
DB01077,DB00809
DB00623,DB00294
DB00819,DB02530
DB01236,DB00951
DB00934,DB00305
DB00708,DB01077
DB00708,DB00593
DB00958,DB01367
DB00990,DB00671
DB00671,DB00717
DB00584,DB00859
DB00376,DB00753
DB00435,DB00501
DB00529,DB00611
DB00529,DB01216
DB00194,DB00746
DB01151,DB00419
DB01005,DB01110
DB00726,DB01143
DB00201,DB00543
DB02300,DB00339
DB00659,DB00421
DB01623,DB00294
DB00371,DB01221
DB01008,DB01367
DB00819,DB00374
DB00990,DB00746
DB00915,DB00501
DB00529,DB00960
DB00548,DB00543
DB01033,DB01275
DB00945,DB00262
DB00708,DB01143
DB00162,DB00513
DB00371,DB00324
DB00499,DB00419
DB01127,DB00746
DB00435,DB00565
DB00475,DB00419
DB01124,DB00746
DB00261,DB01189
DB00770,DB00746
DB01022,DB00917
DB01151,DB00763
DB01005,DB01190
DB00710,DB01005
DB00659,DB00717
DB01236,DB01014
DB00292,DB00859
DB00591,DB00356
DB01032,DB01077
DB00214,DB01189
DB00201,DB00752
DB00284,DB00859
DB00763,DB00278
DB00353,DB01143
DB00529,DB00986
DB00529,DB00794
DB00262,DB00433
DB01151,DB01077
DB01005,DB00356
DB00718,DB00648
DB01047,DB00593
DB00920,DB00746
DB00763,DB00543
DB01221,DB00339
DB00701,DB00753
DB01114,DB00859
DB00714,DB00371
DB00714,DB00763
DB00548,DB00191
DB00558,DB01020
DB00934,DB00550
DB01082,DB00672
DB00201,DB00305
DB01077,DB00874
DB01014,DB01189
DB00819,DB00291
DB00990,DB00435
DB01236,DB00993
DB01236,DB00208
DB00291,DB00294
DB00543,DB00513
DB00809,DB00859
DB00548,DB00701
DB01082,DB00205
DB01082,DB00278
DB01210,DB00859
DB00201,DB05271
DB00621,DB00205
DB01077,DB01260
DB01020,DB00672
DB00763,DB00672
DB00591,DB01143
DB01223,DB00648
DB00262,DB00477
DB00201,DB01221
DB00659,DB00900
DB00162,DB00294
DB00746,DB00545
DB00746,DB00557
DB00746,DB00608
DB00623,DB01410
DB00780,DB00339
DB00648,DB00324
DB00591,DB00585
DB00153,DB06151
DB00529,DB01114
DB00529,DB01127
DB00882,DB00583
DB01005,DB00605
DB00250,DB01077
DB01019,DB00883
DB00371,DB00550
DB01124,DB00621
DB01236,DB00550
DB00305,DB00419
DB00417,DB00753
DB00529,DB00421
DB01337,DB00763
DB01005,DB01219
DB01082,DB01005
DB00201,DB00672
DB00883,DB01221
DB02300,DB00780
DB00746,DB00804
DB02379,DB00162
DB00633,DB00529
DB00690,DB01189
DB01143,DB00584
DB01082,DB00882
DB01082,DB00162
DB00201,DB02530
DB00371,DB00291
DB00874,DB00753
DB00701,DB00819
DB00713,DB01189
DB00359,DB01143
DB01032,DB00593
DB00153,DB00558
DB00153,DB00763
DB00529,DB01595
DB01082,DB01020
DB01082,DB00475
DB00727,DB00859
DB00621,DB00291
DB00659,DB00390
DB00819,DB00608
DB00819,DB00356
DB01236,DB00822
DB00717,DB00859
DB00752,DB00513
DB00435,DB00333
DB00648,DB00513
DB00182,DB00763
DB00529,DB00701
DB01005,DB00972
DB01005,DB00296
DB01082,DB00182
DB00201,DB00393
DB00446,DB00859
DB00373,DB01005
DB00529,DB00209
DB00882,DB01077
DB00194,DB00717
DB01005,DB01183
DB00934,DB00294
DB01033,DB00307
DB01082,DB01019
DB01082,DB01577
DB01275,DB00746
DB00201,DB01586
DB02300,DB00294
DB00958,DB00915
DB01236,DB00291
DB00701,DB00294
DB01240,DB00201
DB00558,DB00513
DB00262,DB00857
DB01005,DB00513
DB01033,DB00917
DB01019,DB00746
DB01019,DB01221
DB00775,DB00859
DB00701,DB00371
DB01114,DB01077
DB00714,DB00339
DB00529,DB00753
DB00529,DB00972
DB01005,DB00294
DB00934,DB00717
DB00458,DB00529
DB00659,DB00529
DB00659,DB00741
DB00659,DB00746
DB00324,DB02530
DB00602,DB00851
DB00376,DB00593
DB01114,DB00917
DB01005,DB05271
DB01033,DB00819
DB00393,DB00593
DB02300,DB00543
DB00659,DB00242
DB01020,DB02530
DB00947,DB00859
DB00557,DB01143
DB00379,DB01189
DB00714,DB00583
DB00529,DB00938
DB00529,DB00451
DB00194,DB00934
DB01143,DB00423
DB01143,DB01216
DB01019,DB01114
DB02300,DB00917
DB00529,DB00550
DB00621,DB00671
DB00659,DB00958
DB00880,DB00593
DB00842,DB01189
DB00990,DB00529
DB00182,DB00194
DB00529,DB00367
DB00558,DB00746
DB01005,DB00374
DB00201,DB00208
DB01077,DB00543
DB02300,DB00701
DB00652,DB00859
DB00371,DB00278
DB01236,DB00947
DB00737,DB00593
DB00435,DB00671
DB00993,DB00770
DB00701,DB00513
DB00529,DB00714
DB01260,DB00593
DB00250,DB00294
DB01275,DB00262
DB00205,DB00371
DB00630,DB00822
DB06151,DB00917
DB00851,DB00917
DB00648,DB00934
DB00182,DB00851
DB00182,DB00671
DB00529,DB00844
DB00529,DB01014
DB00529,DB00672
DB00529,DB00809
DB00558,DB00371
DB01033,DB00770
DB01275,DB00435
DB01210,DB00435
DB00201,DB00804
DB00763,DB00305
DB00851,DB00717
DB00819,DB00543
DB01236,DB00182
DB01236,DB00310
DB00591,DB00359
DB01240,DB01189
DB00714,DB02530
DB00529,DB00261
DB00529,DB00501
DB00558,DB00294
DB00443,DB00419
DB00351,DB00859
DB00201,DB00374
DB00621,DB00752
DB00883,DB02530
DB00205,DB01410
DB00499,DB00753
DB00851,DB00915
DB00819,DB01406
DB01236,DB00545
DB00602,DB01005
DB00291,DB00513
DB00809,DB00294
DB00307,DB00201
DB01053,DB00371
DB00373,DB00262
DB00529,DB00947
DB00548,DB00558
DB00262,DB00484
DB00162,DB00859
DB00281,DB01008
DB00350,DB00558
DB00353,DB01077
DB01236,DB00426
DB00543,DB00339
DB00359,DB00746
DB01036,DB01143
DB00529,DB00652
DB01337,DB00851
DB00211,DB00819
DB00262,DB00850
DB00262,DB00859
DB01005,DB00917
DB01005,DB00501
DB00712,DB01008
DB00371,DB00752
DB00851,DB00395
DB00819,DB00199
DB00859,DB00470
DB00543,DB00753
DB00543,DB00419
DB00780,DB00294
DB00417,DB00371
DB00591,DB01623
DB00211,DB00201
DB00659,DB00851
DB00799,DB01143
DB01623,DB01143
DB01236,DB00321
DB00419,DB00737
DB00475,DB00294
DB00993,DB00459
DB00591,DB00746
DB00529,DB01023
DB00548,DB00671
DB00879,DB00180
DB01005,DB00461
DB01005,DB00485
DB01082,DB00376
DB01275,DB00630
DB01077,DB01022
DB00659,DB00136
DB00746,DB00470
DB00602,DB00746
DB01589,DB00917
DB00356,DB00419
DB00548,DB01114
DB00262,DB01083
DB00550,DB00513
DB01275,DB01143
DB00278,DB00324
DB00350,DB00201
DB00841,DB00371
DB00841,DB00753
DB01236,DB00701
DB01236,DB00356
DB00633,DB00710
DB00543,DB00294
DB00591,DB00859
DB01005,DB00481
DB01047,DB00419
DB00741,DB00593
DB01586,DB00917
DB00822,DB00543
DB00591,DB00278
DB00591,DB01005
DB00529,DB00969
DB00211,DB00435
DB00262,DB00819
DB00262,DB00367
DB01033,DB00419
DB00726,DB00819
DB00458,DB01005
DB00583,DB00780
DB01217,DB01005
DB00475,DB00593
DB00701,DB00822
DB01240,DB00746
DB00529,DB00350
DB00529,DB01219
DB00529,DB00485
DB00558,DB01005
DB00454,DB00529
DB00718,DB00659
DB00718,DB01143
DB00201,DB00395
DB02300,DB00934
DB00659,DB01327
DB00324,DB00291
DB00350,DB00934
DB00818,DB01008
DB01589,DB00294
DB00879,DB00915
DB00529,DB00201
DB01143,DB00446
DB00883,DB00291
DB06151,DB00915
DB00591,DB00593
DB00529,DB00484
DB00262,DB01406
DB00608,DB01143
DB00310,DB01189
DB00250,DB00419
DB01077,DB00393
DB00394,DB00201
DB00353,DB00294
DB01586,DB00543
DB01236,DB00499
DB00780,DB02530
DB00648,DB00591
DB00648,DB00205
DB00698,DB01005
DB00529,DB00818
DB00529,DB01217
DB00529,DB00310
DB00529,DB00496
DB00798,DB01189
DB01260,DB00339
DB00205,DB00324
DB00947,DB01143
DB00746,DB01406
DB00819,DB00208
DB01236,DB00552
DB01236,DB06700
DB00435,DB01117
DB01114,DB00294
DB00307,DB00277
DB00529,DB00763
DB01337,DB00648
DB01005,DB00320
DB01033,DB00182
DB01019,DB00353
DB00799,DB00859
DB00763,DB00291
DB00591,DB00194
DB01406,DB00915
DB00323,DB01008
DB01275,DB00727
DB01077,DB01173
DB00394,DB01143
DB02300,DB00548
DB00746,DB00376
DB00746,DB00513
DB00746,DB01188
DB00763,DB00261
DB01586,DB00339
DB01236,DB05271
DB00602,DB00339
DB00291,DB00917
DB00714,DB00201
DB00529,DB00598
DB00529,DB00804
DB00558,DB00917
DB01042,DB00529
DB00201,DB00583
DB00324,DB00859
DB00763,DB00799
DB01008,DB00915
DB00819,DB00470
DB01236,DB00513
DB00419,DB00878
DB00714,DB02379
DB00153,DB00851
DB01036,DB00435
DB00529,DB00423
DB00529,DB01589
DB01005,DB00780
DB00323,DB00958
DB01275,DB00851
DB00621,DB00294
DB00659,DB00535
DB00545,DB00859
DB00353,DB00324
DB00747,DB01189
DB00591,DB00208
DB01337,DB00917
DB00718,DB01410
DB00242,DB00934
DB00201,DB00799
DB00659,DB00859
DB00746,DB00278
DB00350,DB00851
DB00633,DB00331
DB01022,DB00859
DB01189,DB00421
DB00585,DB00859
DB00529,DB00549
DB00798,DB00915
DB00211,DB00859
DB01151,DB00753
DB00710,DB01008
DB00552,DB00770
DB00552,DB01005
DB01202,DB01008
DB00220,DB01005
DB00746,DB00136
DB00746,DB00717
DB00630,DB00917
DB06700,DB01005
DB00990,DB00763
DB00633,DB00659
DB00543,DB00593
DB01337,DB01005
DB01151,DB01005
DB01151,DB00513
DB01009,DB01005
DB00718,DB00294
DB00727,DB00261
DB00883,DB00278
DB01020,DB00543
DB00763,DB01005
DB00880,DB00419
DB00851,DB00499
DB00819,DB00339
DB00356,DB00593
DB00648,DB00558
DB00648,DB00917
DB00700,DB00201
DB00529,DB01077
DB01151,DB00593
DB01005,DB00333
DB01005,DB01221
DB00945,DB01236
DB00945,DB00659
DB00727,DB01008
DB01236,DB00198
DB01236,DB00485
DB01236,DB01117
DB00602,DB00630
DB00204,DB01189
DB00210,DB00529
DB00753,DB01589
DB00373,DB01008
DB00529,DB01036
DB00262,DB00818
DB01082,DB01114
DB00351,DB00593
DB00708,DB00746
DB01077,DB00376
DB00951,DB00435
DB00377,DB01005
DB00746,DB00947
DB00499,DB00593
DB00819,DB01020
DB01236,DB01194
DB00494,DB01008
DB00514,DB00819
DB00591,DB01205
DB01005,DB00470
DB01047,DB00859
DB00201,DB00623
DB00920,DB00763
DB00920,DB00593
DB00324,DB01577
DB01124,DB00883
DB00136,DB00859
DB00210,DB00819
DB00737,DB00513
DB00153,DB00294
DB01005,DB00918
DB00550,DB01221
DB00250,DB01082
DB01033,DB00753
DB01019,DB00752
DB00727,DB00305
DB00741,DB01143
DB01586,DB00672
DB00851,DB00819
DB00819,DB00257
DB00859,DB01117
DB00859,DB00501
DB00648,DB01410
DB00591,DB00878
DB00415,DB01143
DB00802,DB01005
DB01005,DB00611
DB00550,DB00780
DB01082,DB00623
DB01019,DB00841
DB00201,DB00850
DB00583,DB00851
DB00659,DB01143
DB01623,DB00339
DB00763,DB00874
DB00180,DB00819
DB06700,DB00746
DB00331,DB01367
DB00770,DB00859
DB00182,DB00350
DB00529,DB00481
DB00262,DB00746
DB01005,DB01367
DB01033,DB00261
DB01082,DB02379
DB00408,DB01189
DB02300,DB00671
DB00763,DB00376
DB00208,DB00859
DB00484,DB01008
DB00548,DB00291
DB01260,DB00859
DB01082,DB00874
DB00601,DB00529
DB00775,DB00435
DB01047,DB00543
DB00243,DB00529
DB02300,DB00291
DB00746,DB00257
DB01124,DB00324
DB00353,DB01020
DB00950,DB01189
DB01127,DB00593
DB00395,DB00294
DB00591,DB00262
DB01032,DB00822
DB00529,DB00401
DB00934,DB01221
DB01019,DB00278
DB01019,DB00395
DB01275,DB00798
DB00180,DB01189
DB00350,DB00915
DB00353,DB02379
DB00593,DB00878
DB00648,DB01047
DB00591,DB00934
DB00529,DB01067
DB01005,DB00484
DB00440,DB00529
DB01019,DB00543
DB00775,DB00201
DB00201,DB00162
DB00708,DB00419
DB00545,DB00435
DB00799,DB00435
DB00353,DB00371
DB00423,DB00593
DB06151,DB00291
DB00770,DB00501
DB00819,DB00446
DB00435,DB00374
DB00305,DB00915
DB00591,DB00880
DB00529,DB00861
DB00529,DB00713
DB00529,DB00570
DB00529,DB00374
DB00529,DB00296
DB01005,DB00257
DB01082,DB00659
DB00883,DB00305
DB00394,DB00879
DB00659,DB01042
DB01586,DB00294
DB00819,DB01014
DB00652,DB00435
DB00195,DB01008
DB00210,DB00746
DB01022,DB00294
DB00822,DB00499
DB00305,DB00593
DB00648,DB00621
DB00307,DB01327
DB00439,DB00529
DB00529,DB00700
DB00529,DB00887
DB00529,DB00292
DB01337,DB00671
DB01337,DB00339
DB00802,DB00859
DB00718,DB01275
DB00727,DB00915
DB00883,DB00746
DB00394,DB00819
DB00659,DB00331
DB00968,DB00819
DB00162,DB00934
DB00208,DB00746
DB01236,DB00967
DB01236,DB01410
DB01236,DB00672
DB01197,DB00915
DB00674,DB01005
DB00321,DB01189
DB00358,DB00591
DB00307,DB00331
DB06700,DB00859
DB00700,DB00819
DB01053,DB00513
DB00529,DB00227
DB00861,DB00201
DB00934,DB00672
DB00440,DB01005
DB00250,DB00822
DB00201,DB00278
DB00394,DB00435
DB01236,DB00710
DB01236,DB00900
DB01197,DB00262
DB00210,DB01005
DB00565,DB00593
DB01032,DB00753
DB00529,DB00284
DB00548,DB00205
DB00690,DB00859
DB01260,DB00419
DB01143,DB00565
DB01033,DB00822
DB01082,DB01127
DB00424,DB01008
DB00552,DB00591
DB02300,DB00648
DB01410,DB00356
DB01236,DB01124
DB00804,DB00753
DB00514,DB00763
DB00529,DB00270
DB01337,DB00371
DB00861,DB00859
DB01005,DB00499
DB01005,DB00752
DB00393,DB00822
DB00201,DB00376
DB01077,DB00443
DB00659,DB00305
DB06700,DB00435
DB00261,DB00671
DB00623,DB00819
DB01410,DB00934
DB01236,DB00358
DB01236,DB01126
DB00701,DB00780
DB01275,DB00671
DB00182,DB00550
DB00714,DB00513
DB00459,DB00331
DB00558,DB00550
DB00262,DB01069
DB01033,DB00717
DB00454,DB00435
DB00621,DB00809
DB00394,DB00659
DB00947,DB01005
DB00557,DB01189
DB00763,DB02530
DB00180,DB00201
DB01410,DB00371
DB01589,DB00513
DB00294,DB00501
DB00490,DB01008
DB00591,DB00353
DB00591,DB00550
DB00529,DB00622
DB01173,DB00419
DB00601,DB01005
DB01019,DB01005
DB00718,DB00593
DB00201,DB00550
DB00659,DB00915
DB00746,DB00284
DB01623,DB00550
DB00763,DB00947
DB00770,DB00477
DB00819,DB00261
DB01236,DB00540
DB01240,DB01143
DB00307,DB00262
DB00262,DB00175
DB01143,DB00470
DB01082,DB00393
DB01275,DB00763
DB00883,DB00809
DB00659,DB00879
DB00659,DB01008
DB00659,DB01190
DB00746,DB00690
DB01623,DB01005
DB01586,DB00752
DB00851,DB00947
DB00819,DB05271
DB01236,DB00879
DB01236,DB00535
DB00780,DB06151
DB00675,DB01008
DB01069,DB01189
DB00879,DB01260
DB00591,DB00291
DB01240,DB00859
DB00529,DB00544
DB00548,DB00752
DB00882,DB00701
DB01005,DB00608
DB01005,DB00543
DB01082,DB02530
DB01019,DB00558
DB00201,DB01005
DB00162,DB00780
DB00371,DB01022
DB01127,DB00419
DB00602,DB00194
DB00210,DB00350
DB00915,DB01190
DB00376,DB00513
DB00333,DB00859
DB00804,DB00671
DB00374,DB00859
DB01223,DB00307
DB01223,DB00859
DB00529,DB00717
DB00529,DB00294
DB01151,DB00822
DB01151,DB00339
DB01033,DB01406
DB00393,DB00753
DB00201,DB00652
DB00201,DB00284
DB00746,DB00333
DB00993,DB00367
DB00648,DB00501
DB01053,DB00583
DB01291,DB00819
DB00535,DB01189
DB00201,DB00191
DB00205,DB00513
DB00659,DB00153
DB00371,DB00809
DB00390,DB01189
DB00747,DB00859
DB00819,DB00393
DB01126,DB00859
DB00543,DB06151
DB00648,DB00499
DB00153,DB00339
DB00415,DB00859
DB01337,DB00701
DB00250,DB06151
DB01082,DB00701
DB01082,DB01022
DB01019,DB00550
DB01215,DB01005
DB00394,DB00593
DB00746,DB00351
DB00763,DB00284
DB00630,DB00802
DB01586,DB00934
DB01410,DB00543
DB01410,DB00261
DB00717,DB00593
DB00591,DB00951
DB00182,DB01077
DB01053,DB01077
DB00529,DB00353
DB00529,DB00841
DB01151,DB00294
DB01260,DB00261
DB01033,DB00804
DB01082,DB00499
DB01019,DB00339
DB00945,DB01189
DB02300,DB00558
DB00746,DB00393
DB00565,DB01189
DB00701,DB00591
DB00450,DB00859
DB00359,DB00294
DB01223,DB00591
DB00585,DB00915
DB00529,DB00585
DB00529,DB00842
DB00529,DB01210
DB00529,DB01202
DB00529,DB00863
DB00426,DB01189
DB01082,DB00356
DB01019,DB00671
DB00718,DB00182
DB00718,DB00915
DB00775,DB00529
DB01210,DB01143
DB01047,DB00822
DB00278,DB00513
DB01077,DB00804
DB00350,DB01005
DB06700,DB00671
DB01236,DB01042
DB01236,DB00972
DB00822,DB00737
DB00395,DB02530
DB00529,DB00461
DB00529,DB00565
DB00548,DB00278
DB00798,DB00727
DB01033,DB00513
DB01019,DB00648
DB00408,DB01410
DB00659,DB00262
DB00659,DB01110
DB00277,DB00915
DB06151,DB00717
DB00191,DB00339
DB00990,DB00501
DB01236,DB00924
DB00717,DB00419
DB00419,DB01188
DB00648,DB00880
DB00514,DB00201
DB00280,DB01005
DB00321,DB00262
DB00182,DB06151
DB01033,DB06700
DB01033,DB01077
DB01033,DB00374
DB01019,DB00205
DB00278,DB00917
DB00201,DB00209
DB01077,DB01623
DB01077,DB00565
DB00819,DB01183
DB00819,DB01117
DB01236,DB01083
DB00648,DB00585
DB00514,DB00671
DB00975,DB00529
DB00307,DB00501
DB01032,DB00419
DB00153,DB00291
DB00529,DB00661
DB00529,DB00912
DB00262,DB00408
DB00262,DB01367
DB01173,DB00753
DB01033,DB00210
DB00726,DB00419
DB00393,DB00339
DB00201,DB00477
DB02300,DB02530
DB00746,DB00395
DB01623,DB00593
DB01205,DB01005
DB01236,DB00408
DB00204,DB00819
DB00494,DB00958
DB00548,DB00350
DB00882,DB00371
DB00262,DB00878
DB01033,DB00947
DB01082,DB00305
DB01082,DB00291
DB00726,DB00201
DB00718,DB00819
DB00775,DB00593
DB00533,DB01008
DB01077,DB00878
DB00394,DB00859
DB00659,DB00324
DB01020,DB00752
DB00746,DB00794
DB00763,DB00475
DB00499,DB00671
DB00851,DB02379
DB00819,DB00951
DB01410,DB00419
DB01236,DB00222
DB00822,DB00376
DB00376,DB00339
DB01221,DB00671
DB01327,DB01005
DB01223,DB00915
DB00439,DB01005
DB01053,DB02530
DB00529,DB00747
DB00529,DB01609
DB00262,DB00712
DB00262,DB00934
DB01033,DB01410
DB01082,DB01623
DB00924,DB01189
DB01202,DB00544
DB00201,DB06151
DB00201,DB01589
DB00659,DB01047
DB01020,DB00162
DB00746,DB00917
DB00371,DB00376
DB00763,DB00356
DB00350,DB00671
DB01127,DB01005
DB01236,DB01188
DB00210,DB00851
DB00648,DB00727
DB00321,DB00746
DB00194,DB00261
DB01143,DB01117
DB01082,DB00353
DB01082,DB00841
DB00727,DB01143
DB00201,DB00880
DB00201,DB00475
DB00408,DB00819
DB01020,DB00934
DB00746,DB00423
DB01127,DB00819
DB01127,DB00294
DB05271,DB01189
DB00737,DB00917
DB00993,DB01189
DB00591,DB06151
DB00182,DB00593
DB00882,DB00513
DB01337,DB00350
DB00262,DB00227
DB01033,DB01240
DB01033,DB00284
DB01082,DB00737
DB00393,DB00419
DB01020,DB00191
DB00489,DB01005
DB01124,DB01020
DB00770,DB00763
DB00819,DB00333
DB00602,DB06151
DB00753,DB00878
DB01275,DB00859
DB00714,DB00819
DB00529,DB00790
DB00529,DB01016
DB00882,DB02530
DB01595,DB01189
DB01413,DB00659
DB01077,DB01127
DB00659,DB01337
DB01124,DB02530
DB00851,DB00261
DB00879,DB01047
DB01240,DB00763
DB00714,DB00883
DB00153,DB00371
DB00529,DB00998
DB00211,DB01143
DB01005,DB01016
DB00608,DB00419
DB00550,DB00917
DB00250,DB00591
DB00869,DB01008
DB00621,DB00608
DB00659,DB00753
DB00968,DB01143
DB01014,DB00435
DB00324,DB00261
DB00746,DB00374
DB00353,DB00746
DB01008,DB00641
DB00652,DB00746
DB01236,DB00210
DB01236,DB00654
DB01236,DB00446
DB00915,DB00339
DB00822,DB00717
DB00648,DB00242
DB00307,DB00493
DB00153,DB01005
DB00558,DB00543
DB01143,DB00257
DB01033,DB00700
DB01033,DB05271
DB00654,DB00746
DB00708,DB00294
DB00571,DB01008
DB00659,DB00552
DB00208,DB01143
DB00602,DB00934
DB00701,DB00419
DB00182,DB00591
DB00529,DB00238
DB00201,DB00770
DB00850,DB01189
DB01077,DB00623
DB00659,DB01406
DB00951,DB00294
DB00324,DB00934
DB00746,DB01117
DB02379,DB01577
DB00819,DB00752
DB00819,DB00501
DB01410,DB00746
DB01410,DB00513
DB01236,DB01240
DB01236,DB00238
DB00307,DB00879
DB00585,DB01143
DB00529,DB00524
DB00262,DB00884
DB00262,DB00918
DB00550,DB00191
DB00201,DB00874
DB00408,DB01047
DB01077,DB00880
DB00659,DB00194
DB00659,DB00621
DB00477,DB01189
DB00763,DB01260
DB00630,DB00201
DB00630,DB00294
DB00261,DB00717
DB00851,DB00374
DB00819,DB00780
DB01236,DB00371
DB00633,DB00958
DB00419,DB00292
DB00543,DB00395
DB00591,DB00822
DB00182,DB00630
DB00529,DB00784
DB00798,DB00261
DB00459,DB00242
DB00194,DB01077
DB00279,DB00593
DB00181,DB01008
DB00250,DB00648
DB00250,DB00201
DB01009,DB00262
DB00201,DB00379
DB01077,DB00499
DB02300,DB00763
DB02300,DB00395
DB00659,DB01260
DB00746,DB00446
DB00746,DB01577
DB00371,DB00191
DB00371,DB01577
DB00350,DB00763
DB00496,DB01189
DB01008,DB01194
DB00602,DB00648
DB00879,DB00717
DB00648,DB01221
DB00417,DB00513
DB00701,DB01022
DB00359,DB00819
DB00558,DB00671
DB00250,DB00753
DB01082,DB00350
DB00242,DB01194
DB00201,DB00351
DB00850,DB00746
DB02300,DB00883
DB02379,DB00672
DB06700,DB00763
DB00819,DB01623
DB01236,DB01151
DB00204,DB00859
DB00752,DB00294
DB00804,DB00593
DB00701,DB00153
DB00701,DB00543
DB00248,DB00529
DB01223,DB00934
DB00307,DB01005
DB00529,DB00231
DB00529,DB00690
DB00415,DB00593
DB01291,DB00435
DB00194,DB00752
DB00558,DB00339
DB00262,DB01006
DB00861,DB01143
DB01005,DB00395
DB00608,DB00593
DB00550,DB00804
DB00454,DB01189
DB01077,DB00717
DB00394,DB00261
DB00968,DB01189
DB00545,DB00915
DB00763,DB00339
DB01124,DB00851
DB01008,DB00264
DB00819,DB00209
DB00819,DB00423
DB01236,DB00194
DB00915,DB00593
DB00543,DB01221
DB00874,DB00294
DB00374,DB00671
DB00648,DB00672
DB00417,DB00917
DB00591,DB00672
DB00700,DB00262
DB00585,DB00593
DB00529,DB00459
DB00548,DB01005
DB00194,DB01410
DB01005,DB00806
DB00540,DB00262
DB01047,DB00261
DB00201,DB01406
DB00659,DB01410
DB00659,DB00501
DB00951,DB01005
DB00951,DB01143
DB00746,DB00874
DB00851,DB00799
DB00851,DB00550
DB01236,DB00857
DB00969,DB01005
DB00529,DB00376
DB00798,DB01406
DB01291,DB00859
DB00262,DB00401
DB01173,DB00822
DB00608,DB00917
DB00718,DB00717
DB00393,DB00294
DB00201,DB00986
DB00883,DB01005
DB00746,DB00356
DB00746,DB00565
DB00746,DB01216
DB00371,DB00305
DB00763,DB00671
DB00763,DB01577
DB00630,DB00339
DB00819,DB00351
DB00633,DB01008
DB00671,DB00752
DB00701,DB01020
DB00413,DB01181
DB01223,DB00294
DB01036,DB00746
DB00529,DB00737
DB00415,DB00419
DB01005,DB01079
DB01143,DB00292
DB01082,DB01337
DB01047,DB00608
DB00784,DB01005
DB00659,DB00631
DB00659,DB00433
DB00763,DB00550
DB06700,DB00851
DB00851,DB06151
DB00652,DB01143
DB01236,DB00671
DB01236,DB00367
DB00419,DB00565
DB00543,DB00671
DB00435,DB00136
DB00305,DB06151
DB00475,DB00513
DB00648,DB01260
DB00648,DB00717
DB01114,DB00763
DB00321,DB00819
DB00714,DB01020
DB00529,DB01240
DB00262,DB00623
DB00461,DB01189
DB00268,DB01008
DB00710,DB00819
DB00710,DB00915
DB01019,DB06151
DB00242,DB00477
DB00583,DB00543
DB00350,DB00770
DB00630,DB00753
DB00499,DB00339
DB00261,DB00294
DB00851,DB00208
DB01236,DB01291
DB00780,DB00671
DB01062,DB01008
DB00993,DB01367
DB00248,DB01005
DB00529,DB00371
DB00529,DB00419
DB01337,DB00191
DB00211,DB00763
DB00558,DB02379
DB00558,DB00324
DB00558,DB01221
DB00262,DB00972
DB01033,DB00529
DB00712,DB01005
DB00201,DB00136
DB00659,DB01275
DB00659,DB00593
DB00968,DB00435
DB01181,DB00396
DB00746,DB00477
DB00746,DB01595
DB00630,DB00558
DB01410,DB01205
DB00990,DB00350
DB01236,DB00869
DB00210,DB00753
DB00822,DB00878
DB00804,DB00339
DB01110,DB00915
DB00307,DB00819
DB00529,DB00220
DB00529,DB00339
DB00262,DB00296
DB00262,DB00421
DB01005,DB01006
DB00550,DB06151
DB00550,DB00752
DB01082,DB00201
DB00718,DB00261
DB01413,DB00307
DB00201,DB00333
DB00920,DB00822
DB00499,DB06151
DB06151,DB00752
DB00747,DB00746
DB00652,DB00763
DB00990,DB00915
DB01236,DB00700
DB00435,DB00470
DB01221,DB00291
DB00879,DB00770
DB00591,DB00477
DB00307,DB00900
DB00529,DB00918
DB00882,DB00201
DB01082,DB00726
DB01082,DB00395
DB01019,DB00191
DB02300,DB00278
DB00659,DB00951
DB00746,DB00951
DB02379,DB00543
DB00371,DB00393
DB00209,DB00671
DB01008,DB00857
DB00880,DB00753
DB00841,DB00746
DB00602,DB00593
DB00648,DB01586
DB00591,DB00998
DB00674,DB01008
DB00358,DB01189
DB00182,DB00753
DB00714,DB00294
DB00529,DB00319
DB00262,DB00494
DB00262,DB01611
DB01406,DB01143
DB01005,DB00291
DB01082,DB00591
DB00775,DB00419
DB01047,DB00339
DB01077,DB01047
DB00659,DB00822
DB00652,DB00339
DB00493,DB01189
DB01008,DB00396
DB00747,DB00435
DB00623,DB01143
DB00208,DB00763
DB01236,DB00698
DB01236,DB01241
DB00602,DB01077
DB00602,DB00608
DB00543,DB02530
DB00701,DB00395
DB01114,DB00513
DB00359,DB01005
DB00529,DB00279
DB01143,DB00136
DB01082,DB00529
DB01082,DB00514
DB00424,DB00262
DB01019,DB00417
DB01019,DB00701
DB00540,DB01189
DB00697,DB01008
DB00659,DB01216
DB00284,DB00593
DB00746,DB00809
DB00371,DB00543
DB00630,DB00408
DB00851,DB05271
DB00292,DB00593
DB00294,DB00737
DB00874,DB00917
DB00591,DB01151
DB00359,DB00859
DB01053,DB00621
DB00879,DB00700
DB00211,DB00746
DB00250,DB00262
DB01082,DB00558
DB00205,DB01020
DB02300,DB00752
DB00659,DB00294
DB00180,DB00746
DB00475,DB00917
DB00851,DB00804
DB00990,DB01223
DB00915,DB00878
DB00648,DB00284
DB00648,DB00608
DB00648,DB00804
DB00417,DB01077
DB00413,DB01008
DB00182,DB00419
DB00153,DB00934
DB00153,DB00753
DB00529,DB00557
DB00262,DB05271
DB00207,DB01008
DB01260,DB00608
DB00458,DB00262
DB01217,DB01008
DB00842,DB00746
DB00819,DB01221
DB01236,DB00713
DB01236,DB00280
DB00602,DB00879
DB00210,DB00339
DB00822,DB00915
DB00395,DB00339
DB01110,DB01189
DB00648,DB00262
DB00701,DB00714
DB00307,DB00242
DB01032,DB00746
DB00836,DB00859
DB00585,DB00819
DB00529,DB00417
DB00529,DB00277
DB00529,DB01006
DB00548,DB00648
DB00262,DB00674
DB00262,DB01410
DB00262,DB00545
DB00262,DB00184
DB00861,DB00746
DB01406,DB00435
DB00934,DB01008
DB01033,DB00499
DB00278,DB00339
DB00201,DB00443
DB00741,DB00859
DB00799,DB00593
DB00379,DB00859
DB00180,DB00859
DB00350,DB00261
DB00990,DB00593
DB01236,DB00374
DB00356,DB00717
DB00874,DB00513
DB00305,DB00339
DB00993,DB00323
DB00713,DB01005
DB00529,DB00970
DB00529,DB00199
DB00529,DB01079
DB00529,DB00575
DB01291,DB01005
DB00194,DB00780
DB00262,DB00490
DB01005,DB01117
DB01260,DB00822
DB00250,DB00917
DB01082,DB01173
DB01082,DB00261
DB00710,DB00262
DB00552,DB00915
DB00718,DB01623
DB00278,DB00550
DB00583,DB00934
DB00741,DB00822
DB00741,DB00261
DB00659,DB00350
DB00659,DB00763
DB01085,DB01008
DB01586,DB00291
DB00851,DB01221
DB00770,DB00242
DB00990,DB00339
DB01188,DB00593
DB00648,DB00305
DB00591,DB00419
DB01005,DB00550
DB00697,DB00958
DB00201,DB01194
DB00850,DB00242
DB00883,DB00499
DB00659,DB00339
DB01020,DB01577
DB00350,DB01221
DB01124,DB00550
DB00353,DB02530
DB00623,DB00419
DB00990,DB00851
DB01236,DB01221
DB00321,DB00242
DB00321,DB01008
DB00307,DB01008
DB00714,DB00205
DB01337,DB00714
DB01005,DB00938
DB01005,DB00717
DB00900,DB01189
DB00775,DB01143
DB00201,DB00423
DB02300,DB00672
DB00659,DB00880
DB00659,DB01126
DB00324,DB00356
DB00746,DB00292
DB00763,DB00423
DB00261,DB00339
DB01008,DB00273
DB06151,DB00339
DB00889,DB01005
DB00842,DB00859
DB00623,DB00593
DB00953,DB01005
DB00753,DB00446
DB00648,DB01020
DB00514,DB00593
DB00359,DB01077
DB00585,DB00305
DB00529,DB00650
DB00558,DB01151
DB01005,DB00184
DB00924,DB00746
DB00718,DB01151
DB00408,DB00727
DB00408,DB00294
DB00883,DB00934
DB00659,DB00550
DB00799,DB00915
DB00371,DB00878
DB00277,DB01189
DB01008,DB00433
DB01236,DB00780
DB01221,DB00672
DB00967,DB01189
DB00648,DB00291
DB00585,DB00294
DB00529,DB00889
DB00529,DB01215
DB01337,DB00291
DB00262,DB01217
DB01082,DB00851
DB00710,DB00770
DB00601,DB00262
DB01019,DB00809
DB00552,DB00727
DB00319,DB01005
DB01077,DB00292
DB00947,DB00339
DB00545,DB01143
DB01060,DB01005
DB00851,DB00780
DB00623,DB00763
DB00990,DB06151
DB01236,DB00180
DB01189,DB00485
DB00294,DB00878
DB00435,DB00261
DB00780,DB01221
DB00804,DB06151
DB00175,DB01008
DB00395,DB00291
DB00648,DB00545
DB00648,DB00915
DB00591,DB01124
DB01275,DB00915
DB00529,DB01577
DB01337,DB00672
DB00262,DB01095
DB01151,DB06151
DB01005,DB00423
DB01033,DB00208
DB00710,DB00493
DB00924,DB00262
DB00242,DB00915
DB00745,DB01005
DB01077,DB00737
DB02300,DB00714
DB00324,DB00608
DB00371,DB00499
DB00209,DB01189
DB01008,DB01001
DB00770,DB01202
DB01410,DB00291
DB00990,DB00659
DB01236,DB00278
DB01236,DB00543
DB00983,DB01008
DB00435,DB01126
DB00993,DB00262
DB00591,DB00499
DB00591,DB00296
DB00307,DB01190
DB00153,DB00543
DB00529,DB00158
DB00459,DB00958
DB01406,DB00859
DB00550,DB00294
DB01595,DB00859
DB01033,DB00305
DB00726,DB00763
DB01275,DB00770
DB01275,DB01410
DB00242,DB00712
DB01077,DB00356
DB01077,DB01589
DB00571,DB00529
DB00659,DB00648
DB00659,DB01048
DB00968,DB00746
DB01008,DB01006
DB00747,DB01143
DB00819,DB00278
DB01221,DB02530
DB01240,DB00915
DB00359,DB00593
DB00975,DB00915
DB00548,DB00746
DB00548,DB01589
DB00262,DB00481
DB00250,DB00934
DB00250,DB00305
DB00583,DB00672
DB00621,DB00883
DB00659,DB00878
DB00371,DB00671
DB00350,DB00333
DB01008,DB00656
DB01410,DB01623
DB01236,DB00470
DB00210,DB00593
DB00648,DB00701
DB00701,DB01005
DB01032,DB00763
DB01053,DB00294
DB00529,DB00806
DB00415,DB01077
DB00211,DB00851
DB01151,DB00917
DB01143,DB00333
DB01082,DB01032
DB01082,DB00880
DB00710,DB00552
DB00727,DB00435
DB00408,DB00746
DB00659,DB00351
DB00659,DB00477
DB01124,DB02379
DB00819,DB01083
DB00844,DB01005
DB01236,DB01008
DB00591,DB00475
DB01275,DB00717
DB01275,DB00294
DB01275,DB00339
DB00358,DB00819
DB00182,DB00242
DB01032,DB00371
DB00529,DB00605
DB00262,DB00745
DB01406,DB00501
DB01082,DB00608
DB00945,DB00746
DB00718,DB00602
DB00718,DB00153
DB00201,DB00671
DB00883,DB01577
DB00659,DB00857
DB00746,DB00421
DB01008,DB00575
DB00819,DB00972
DB01410,DB01005
DB01236,DB00970
DB00822,DB01589
DB00714,DB00851
DB00529,DB01032
DB00879,DB00262
DB00262,DB00627
DB01143,DB01126
DB00440,DB00262
DB00583,DB00819
DB00277,DB01005
DB00261,DB00859
DB00770,DB01143
DB00446,DB00593
DB00701,DB00162
DB00701,DB00191
DB00182,DB00741
DB00642,DB00529
DB00529,DB00897
DB01337,DB00261
DB01275,DB01077
DB01210,DB00593
DB00351,DB00822
DB01118,DB01008
DB00408,DB00741
DB00708,DB00513
DB00659,DB00284
DB00630,DB00291
DB00844,DB01189
DB00602,DB00550
DB00633,DB01202
DB00809,DB00917
DB00648,DB00208
DB00417,DB00294
DB00591,DB00280
DB01240,DB00851
DB00359,DB01410
DB00182,DB00153
DB00529,DB00836
DB00802,DB00819
DB00608,DB00753
DB01033,DB01194
DB00726,DB00294
DB01019,DB00291
DB00775,DB01077
DB01047,DB00513
DB00850,DB00770
DB00833,DB01005
DB00708,DB00819
DB00746,DB00986
DB00763,DB00794
DB00350,DB01260
DB06700,DB01143
DB00938,DB01008
DB01008,DB00668
DB00292,DB00294
DB00822,DB00356
DB00648,DB00277
DB00701,DB00934
DB00700,DB00671
DB00714,DB06151
DB00529,DB00200
DB00529,DB00558
DB00529,DB01060
DB00415,DB00753
DB01337,DB00746
DB00262,DB00281
DB00861,DB00819
DB00550,DB00915
DB00181,DB00958
DB00718,DB00307
DB00408,DB01260
DB00883,DB00550
DB00920,DB01077
DB00659,DB01188
DB01014,DB01143
DB01132,DB01008
DB01586,DB00191
DB00623,DB01005
DB01410,DB00672
DB01236,DB01217
DB01236,DB00242
DB00915,DB00753
DB01183,DB01189
DB00724,DB00958
DB00153,DB00356
DB00529,DB00335
DB00529,DB00502
DB00649,DB00915
DB00262,DB00261
DB01406,DB00331
DB01005,DB00339
DB00250,DB00558
DB00726,DB00593
DB00540,DB01008
DB00552,DB01189
DB00945,DB00552
DB00741,DB00419
DB01077,DB00915
DB00920,DB00753
DB00763,DB01173
DB01140,DB01189
DB00819,DB00986
DB01236,DB00461
DB00822,DB00804
DB00713,DB00435
DB01337,DB00630
DB01173,DB00513
DB01042,DB01005
DB00996,DB01008
DB00454,DB00859
DB00621,DB00851
DB00205,DB01586
DB00659,DB00570
DB00746,DB01126
DB01623,DB06151
DB00851,DB01260
DB01410,DB00294
DB01236,DB00214
DB01236,DB00752
DB01221,DB00395
DB00879,DB01194
DB00514,DB00339
DB00701,DB01053
DB00701,DB02379
DB00591,DB00753
DB01114,DB00371
DB00714,DB00550
DB00529,DB00513
DB00194,DB00822
DB00558,DB06151
DB00262,DB01240
DB00900,DB00915
DB01260,DB00356
DB01033,DB00934
DB00552,DB01410
DB00278,DB01020
DB00745,DB01008
DB00477,DB00859
DB00199,DB00261
DB00763,DB00374
DB00630,DB00799
DB00261,DB00501
DB01008,DB01142
DB00851,DB00305
DB00819,DB01126
DB00819,DB01188
DB00990,DB00798
DB01236,DB00998
DB00602,DB00501
DB00210,DB00419
DB00915,DB00294
DB00305,DB00513
DB00648,DB01124
DB00591,DB01114
DB00182,DB00883
DB00879,DB01240
DB00211,DB00593
DB00262,DB00724
DB00262,DB01241
DB01173,DB00917
DB01143,DB00374
DB01033,DB00558
DB01033,DB00371
DB00552,DB00529
DB01275,DB00199
DB00621,DB00395
DB00243,DB01005
DB00659,DB00443
DB01181,DB00331
DB00401,DB01005
DB00819,DB00652
DB01410,DB00799
DB01236,DB00415
DB01236,DB01110
DB01236,DB00958
DB00648,DB00780
DB00631,DB00459
DB00701,DB01577
DB00591,DB00242
DB00358,DB00201
DB00307,DB00529
DB00548,DB00550
DB01337,DB06151
DB00211,DB00550
DB00250,DB00804
DB01082,DB00763
DB00408,DB00435
DB00394,DB00648
DB02300,DB01124
DB00659,DB00585
DB00659,DB00544
DB00659,DB00608
DB00659,DB01194
DB00746,DB00209
DB01124,DB00583
DB00770,DB00958
DB00819,DB01260
DB00990,DB00822
DB01236,DB00514
DB01236,DB00631
DB00602,DB00529
DB01190,DB01367
DB00648,DB00153
DB00514,DB06151
DB00591,DB00320
DB01240,DB00501
DB00358,DB01410
DB00307,DB00535
DB00307,DB00671
DB00529,DB01611
DB01337,DB00608
DB00558,DB00780
DB01082,DB00210
DB00346,DB00529
DB00552,DB00746
DB01275,DB00350
DB00775,DB00550
DB00583,DB00763
DB00621,DB00393
DB00198,DB01189
DB01077,DB01216
DB00659,DB01127
DB00493,DB00915
DB00350,DB00499
DB01008,DB00468
DB00851,DB00209
DB00819,DB00550
DB01236,DB00439
DB01236,DB01623
DB01236,DB00570
DB00602,DB00419
DB00753,DB00794
DB01221,DB06151
DB00305,DB00501
DB01327,DB00915
DB00648,DB00395
DB00701,DB00630
DB00591,DB00450
DB00321,DB00859
DB00612,DB01008
DB00585,DB00770
DB00415,DB00822
DB00262,DB01623
DB01406,DB00671
DB01005,DB00310
DB00934,DB00291
DB01082,DB00809
DB00285,DB01008
DB00394,DB00419
DB00277,DB01194
DB00350,DB00199
DB00880,DB00819
DB00880,DB00294
DB00841,DB00917
DB00841,DB02530
DB00851,DB00752
DB00990,DB00648
DB01236,DB00917
DB00204,DB00746
DB01022,DB02530
DB00822,DB00446
DB00182,DB00717
DB00700,DB00915
DB00529,DB00950
DB00548,DB00809
DB00970,DB00727
DB00558,DB00205
DB01005,DB00446
DB01005,DB01188
DB00934,DB01022
DB00550,DB00543
DB01082,DB00417
DB00945,DB01008
DB00952,DB01008
DB00242,DB00296
DB00341,DB01008
DB00920,DB01005
DB00659,DB01083
DB00968,DB00859
DB00947,DB00593
DB00763,DB00333
DB00350,DB00621
DB01124,DB01221
DB00261,DB00915
DB00623,DB01047
DB00435,DB00257
DB00874,DB00339
DB00184,DB01008
DB00879,DB00934
DB00701,DB00841
DB01223,DB01189
DB00999,DB01008
DB00529,DB01410
DB00529,DB00457
DB00548,DB01410
DB00262,DB01128
DB00262,DB00605
DB00710,DB01189
DB00659,DB00649
DB00659,DB00208
DB00659,DB06151
DB00746,DB01210
DB00746,DB01173
DB00371,DB00162
DB00353,DB00583
DB00353,DB00763
DB01586,DB00278
DB00990,DB00277
DB01236,DB00153
DB01236,DB00605
DB00602,DB00659
DB00915,DB01194
DB00356,DB00917
DB00701,DB06151
DB01223,DB00529
DB00529,DB00184
DB00529,DB00332
DB00970,DB01005
DB00459,DB00201
DB00934,DB00671
DB01033,DB00211
DB00424,DB01005
DB00952,DB01005
DB00201,DB00310
DB00659,DB00158
DB00477,DB01005
DB00790,DB01005
DB01083,DB01008
DB00350,DB00780
DB00350,DB00305
DB00502,DB01008
DB00819,DB00844
DB00993,DB01194
DB00724,DB00331
DB01223,DB00746
DB00182,DB01047
DB01032,DB00294
DB01337,DB00874
DB00558,DB02530
DB00350,DB00947
DB01124,DB00934
DB01008,DB00367
DB01127,DB00513
DB00851,DB00278
DB01236,DB01219
DB00395,DB06151
DB00514,DB01077
DB00307,DB00806
DB00529,DB00177
DB00548,DB00841
DB00882,DB00294
DB00262,DB00270
DB00262,DB01060
DB00262,DB00641
DB01005,DB00490
DB01005,DB00502
DB00608,DB00822
DB01143,DB00261
DB00250,DB00659
DB00710,DB00879
DB00924,DB00859
DB01019,DB01410
DB00540,DB00242
DB00952,DB00262
DB00718,DB01240
DB00659,DB00359
DB00659,DB00377
DB00136,DB00501
DB01410,DB00305
DB01236,DB00717
DB00633,DB00591
DB00717,DB00513
DB00513,DB00878
DB00593,DB00501
DB00591,DB00780
DB00280,DB01189
DB00724,DB01008
DB00358,DB00262
DB00307,DB00851
DB00182,DB00305
DB00529,DB00320
DB00879,DB00741
DB01291,DB00746
DB01005,DB01155
DB00201,DB00545
DB00920,DB00350
DB02300,DB00851
DB00297,DB01008
DB00690,DB00435
DB00746,DB00261
DB01083,DB01189
DB00661,DB00262
DB00661,DB01008
DB00819,DB00379
DB00208,DB00294
DB01236,DB00320
DB00195,DB01005
DB00648,DB00770
DB00591,DB00915
DB00359,DB00419
DB00182,DB01260
DB00426,DB00746
DB00459,DB01181
DB00262,DB00973
DB01406,DB00958
DB01005,DB00323
DB00250,DB00717
DB01082,DB00262
DB01042,DB01189
DB01275,DB00550
DB00718,DB00822
DB00654,DB00593
DB00708,DB00822
DB02300,DB01577
DB00659,DB00975
DB00545,DB00934
DB00499,DB00294
DB01127,DB00371
DB00880,DB00822
DB00822,DB01188
DB00879,DB00324
DB00879,DB00367
DB00993,DB00674
DB00591,DB00918
DB01233,DB00529
DB00700,DB00501
DB00704,DB01008
DB00529,DB01327
DB00529,DB00851
DB00806,DB00915
DB00552,DB00307
DB00883,DB01410
DB00883,DB00717
DB00659,DB01586
DB00799,DB00294
DB01623,DB00917
DB01083,DB00915
DB00763,DB00986
DB00763,DB01589
DB00819,DB00496
DB01236,DB00351
DB00602,DB00359
DB00210,DB00822
DB00356,DB00753
DB01327,DB01194
DB00648,DB00543
DB00358,DB00859
DB01032,DB00934
DB00714,DB00162
DB00714,DB00324
DB00529,DB00415
DB00529,DB00883
DB00529,DB00874
DB00529,DB00490
DB00548,DB06151
DB00262,DB00198
DB00802,DB01143
DB00214,DB00859
DB00279,DB00419
DB01143,DB00501
DB01033,DB06151
DB00346,DB01005
DB00718,DB00850
DB00906,DB01008
DB00278,DB00395
DB00201,DB00291
DB02300,DB00746
DB00659,DB00238
DB00659,DB00650
DB00799,DB00671
DB00770,DB00277
DB01236,DB00220
DB01236,DB00887
DB00481,DB01008
DB00631,DB01194
DB00591,DB01589
DB00698,DB00915
DB00439,DB00262
DB00714,DB00621
DB00798,DB01008
DB01337,DB00558
DB00558,DB01586
DB00262,DB00332
DB00535,DB00915
DB00323,DB00331
DB00934,DB00499
DB00727,DB01189
DB00727,DB01194
DB00621,DB01589
DB00659,DB00700
DB00477,DB00915
DB00746,DB00199
DB00746,DB01008
DB00222,DB00262
DB00633,DB01197
DB01189,DB00857
DB00879,DB01189
DB00879,DB00294
DB00648,DB01114
DB00591,DB00799
DB01114,DB02379
DB00700,DB01189
DB00529,DB00627
DB00529,DB00973
DB00415,DB00746
DB01291,DB01143
DB00459,DB00277
DB00262,DB01085
DB00262,DB00575
DB01005,DB00549
DB00544,DB00915
DB01413,DB00915
DB01195,DB00529
DB01033,DB00180
DB01033,DB01221
DB01275,DB01223
DB01047,DB00753
DB00394,DB00746
DB00379,DB00435
DB00819,DB00611
DB00819,DB01008
DB00204,DB01143
DB01183,DB00859
DB00294,DB01577
DB00672,DB00395
DB00648,DB01008
DB00648,DB00878
DB00701,DB00672
DB00836,DB00435
DB00529,DB00115
DB00882,DB00746
DB00262,DB01008
DB01151,DB01410
DB00550,DB00717
DB00250,DB00990
DB01042,DB00819
DB00552,DB00934
DB00718,DB00753
DB00784,DB01189
DB00201,DB00841
DB00201,DB00608
DB00408,DB00324
DB00408,DB00859
DB00920,DB00934
DB00819,DB00874
DB01236,DB00918
DB00780,DB00395
DB00333,DB00294
DB00967,DB00819
DB00648,DB00261
DB00417,DB00746
DB01223,DB00850
DB00836,DB01143
DB00529,DB00180
DB00548,DB00417
DB00262,DB00608
DB00861,DB00763
DB00802,DB00746
DB00802,DB00763
DB01406,DB01008
DB01009,DB01008
DB01019,DB00305
DB00718,DB01406
DB00869,DB00915
DB00201,DB00741
DB00850,DB00859
DB00621,DB01020
DB02300,DB00819
DB02300,DB00191
DB01623,DB00419
DB00209,DB00859
DB00353,DB00883
DB00841,DB00513
DB00851,DB00672
DB00623,DB00917
DB00819,DB00377
DB00210,DB01077
DB00210,DB00550
DB00879,DB01406
DB01327,DB01367
DB00514,DB01005
DB00701,DB01124
DB00591,DB00545
DB00591,DB00323
DB00359,DB00717
DB00307,DB00927
DB06700,DB00501
DB01036,DB00819
DB00529,DB00833
DB00882,DB02379
DB00882,DB00162
DB00262,DB00698
DB00726,DB01077
DB00540,DB00746
DB00552,DB00859
DB00727,DB00220
DB00583,DB00671
DB00621,DB00356
DB00394,DB00763
DB00379,DB00671
DB00746,DB01110
DB00763,DB00446
DB00630,DB00550
DB00986,DB00859
DB00884,DB01008
DB00770,DB00878
DB01236,DB00459
DB01197,DB01189
DB00958,DB01194
DB00917,DB00501
DB00804,DB00878
DB00672,DB02530
DB01114,DB02530
DB01275,DB00593
DB00153,DB00261
DB00529,DB00620
DB00211,DB01005
DB00214,DB00435
DB01260,DB00513
DB00924,DB01008
DB00727,DB01367
DB00278,DB02530
DB00201,DB00470
DB00659,DB00545
DB00659,DB00806
DB00746,DB01183
DB00763,DB00809
DB01008,DB01029
DB00851,DB01623
DB00819,DB00367
DB01236,DB00969
DB01236,DB00209
DB00879,DB00136
DB00993,DB01083
DB00993,DB01005
DB00648,DB00356
DB00836,DB00746
DB01048,DB00915
DB00529,DB00175
DB00882,DB00543
DB00211,DB00671
DB00262,DB00297
DB00262,DB00220
DB00262,DB01143
DB01005,DB00457
DB01033,DB00296
DB01042,DB00915
DB00393,DB01005
DB00201,DB00654
DB00201,DB00279
DB00621,DB02379
DB00621,DB00763
DB00883,DB00376
DB00205,DB00395
DB00920,DB00371
DB00920,DB00419
DB00394,DB01275
DB00659,DB00927
DB00659,DB00804
DB00630,DB00419
DB00630,DB00513
DB00261,DB00593
DB00851,DB00284
DB00770,DB00535
DB00819,DB00461
DB00990,DB00879
DB01236,DB00968
DB01236,DB00257
DB00633,DB00879
DB00542,DB00529
DB00915,DB00421
DB00671,DB00291
DB00419,DB00794
DB01189,DB00227
DB00780,DB00672
DB01233,DB00262
DB00798,DB00934
DB00798,DB00972
DB00262,DB01609
DB00861,DB01005
DB00627,DB01005
DB00550,DB00395
DB00250,DB00915
DB01033,DB01623
DB01082,DB00583
DB00718,DB00799
DB00201,DB00737
DB01273,DB01008
DB00205,DB00934
DB00659,DB00601
DB01045,DB01008
DB00180,DB01005
DB00350,DB00284
DB00633,DB00307
DB00376,DB00294
DB00356,DB06151
DB00648,DB00278
DB00514,DB00419
DB00417,DB00701
DB00450,DB00294
DB00270,DB01005
DB00182,DB00798
DB00624,DB01181
DB00585,DB00717
DB00529,DB00882
DB00211,DB00339
DB00381,DB01008
DB00262,DB00799
DB00323,DB00544
DB00544,DB01008
DB01143,DB00390
DB00250,DB01410
DB00718,DB00990
DB00242,DB00323
DB01030,DB00659
DB00659,DB00623
DB00477,DB01008
DB00951,DB00593
DB00746,DB00379
DB00746,DB05271
DB01124,DB00780
DB01127,DB00934
DB01410,DB00475
DB01236,DB00804
DB01236,DB00794
DB00602,DB00477
DB00602,DB00261
DB01197,DB00659
DB00993,DB01406
DB00648,DB01151
DB00591,DB01077
DB00591,DB00752
DB01223,DB01240
DB00529,DB00281
DB00548,DB01022
DB00459,DB00727
DB01019,DB01151
DB00583,DB00278
DB00408,DB00770
DB00883,DB00878
DB01020,DB00809
DB02379,DB00278
DB00222,DB01189
DB00261,DB00419
DB00208,DB00593
DB01236,DB01048
DB00210,DB00879
DB00210,DB00883
DB00701,DB00671
DB01240,DB00277
DB01114,DB00621
DB01223,DB00261
DB00585,DB01406
DB00585,DB00917
DB00529,DB00390
DB00558,DB00717
DB00262,DB00208
DB00250,DB00602
DB01033,DB00423
DB01033,DB00878
DB01082,DB00819
DB01082,DB01047
DB01019,DB01589
DB00727,DB00320
DB00201,DB00296
DB01030,DB00529
DB00659,DB00310
DB00947,DB00419
DB00799,DB06151
DB01008,DB01611
DB00136,DB00878
DB00605,DB01189
DB00958,DB00216
DB00623,DB00324
DB00819,DB01110
DB00819,DB00671
DB01236,DB00920
DB00204,DB01005
DB05271,DB00501
DB00717,DB00501
DB01189,DB01219
DB00294,DB00794
DB00294,DB01188
DB00435,DB00986
DB00879,DB00712
DB00648,DB00136
DB00307,DB00544
DB01337,DB00356
DB00262,DB01079
DB00262,DB00502
DB00262,DB00294
DB01005,DB00672
DB01260,DB00753
DB01033,DB00459
DB00708,DB00371
DB00659,DB00970
DB00284,DB00501
DB00199,DB00859
DB00390,DB00859
DB01410,DB00499
DB01236,DB00861
DB00204,DB00435
DB00915,DB00419
DB00376,DB00917
DB01241,DB01189
DB01240,DB00878
DB01223,DB05271
DB00700,DB00746
DB00700,DB00859
DB00415,DB00371
DB00879,DB00153
DB00262,DB01215
DB00710,DB01275
DB00201,DB00878
DB00394,DB00671
DB00659,DB00818
DB00659,DB00869
DB00284,DB00294
DB00746,DB00227
DB00180,DB01143
DB00350,DB00752
DB00261,DB00390
DB00770,DB01008
DB00990,DB00878
DB00602,DB00205
DB00972,DB01189
DB00475,DB00753
DB00698,DB01189
DB00358,DB00746
DB00153,DB00408
DB00529,DB00186
DB00798,DB00545
DB00970,DB00915
DB01005,DB00494
DB00544,DB01367
DB01260,DB00671
DB00608,DB00717
DB00718,DB01260
DB00718,DB01221
DB00718,DB05271
DB00727,DB00593
DB00243,DB00262
DB01008,DB01105
DB00331,DB00859
DB00819,DB01047
DB00819,DB00622
DB01236,DB00489
DB00633,DB01194
DB00915,DB00671
DB00333,DB00671
DB00809,DB00513
DB00648,DB00708
DB00648,DB02379
DB00648,DB01188
DB00514,DB00851
DB00701,DB00752
DB01053,DB00201
DB00529,DB01140
DB00529,DB00242
DB00426,DB00915
DB00861,DB00753
DB01005,DB00191
DB00250,DB00371
DB00552,DB00262
DB00727,DB00367
DB01047,DB00672
DB00278,DB01221
DB00201,DB00408
DB00201,DB01083
DB00162,DB01577
DB00324,DB00809
DB00746,DB00784
DB00763,DB01022
DB00200,DB01005
DB01008,DB00328
DB01127,DB00822
DB00841,DB00294
DB00851,DB01406
DB00770,DB00857
DB00819,DB00784
DB01236,DB00211
DB00210,DB00371
DB00210,DB00671
DB00305,DB00294
DB00648,DB01589
DB01223,DB01005
DB01223,DB00435
DB00153,DB00278
DB00529,DB00881
DB01337,DB00205
DB00879,DB00459
DB00459,DB00819
DB00262,DB00320
DB01005,DB01067
DB00611,DB01189
DB00443,DB00261
DB00934,DB00446
DB01143,DB01183
DB00250,DB00763
DB00924,DB00819
DB01275,DB00180
DB00351,DB00419
DB00850,DB01008
DB00659,DB00701
DB00659,DB00198
DB00659,DB00371
DB00659,DB00356
DB00659,DB00419
DB00947,DB00822
DB01127,DB00435
DB00851,DB00393
DB00770,DB01189
DB00770,DB00593
DB01236,DB00524
DB01236,DB01067
DB00602,DB00408
DB00419,DB01216
DB00879,DB00296
DB00307,DB00631
DB00262,DB00280
DB00262,DB00593
DB01151,DB00371
DB00279,DB01143
DB00279,DB00435
DB01033,DB00883
DB01033,DB00477
DB00727,DB00291
DB00727,DB00485
DB00393,DB00671
DB00394,DB00350
DB00394,DB01077
DB00659,DB00426
DB00659,DB00883
DB00951,DB00804
DB00746,DB00461
DB01236,DB01032
DB00633,DB00915
DB00794,DB00593
DB00435,DB01194
DB00881,DB01189
DB00305,DB00878
DB01110,DB00859
DB00307,DB00798
DB00182,DB00294
DB00373,DB00915
DB00529,DB01155
DB00529,DB00675
DB00426,DB00859
DB00558,DB00752
DB00887,DB01189
DB01193,DB00529
DB01009,DB00529
DB00718,DB06700
DB00727,DB00545
DB00201,DB00747
DB00201,DB01022
DB00654,DB01077
DB00883,DB00356
DB02300,DB00659
DB00571,DB01005
DB00947,DB00753
DB01014,DB00859
DB00746,DB00897
DB00851,DB00543
DB00717,DB00878
DB00419,DB00446
DB01189,DB01194
DB00591,DB00292
DB00714,DB01221
DB00262,DB01151
DB00262,DB00489
DB01033,DB00633
DB00552,DB00374
DB00552,DB00136
DB00960,DB01005
DB00727,DB00799
DB01128,DB01005
DB00530,DB01008
DB00659,DB01609
DB00659,DB00257
DB01020,DB01221
DB00284,DB00822
DB00371,DB00717
DB00630,DB00356
DB00630,DB01221
DB06700,DB01008
DB00770,DB00671
DB01410,DB00296
DB01236,DB00481
DB01236,DB01016
DB00804,DB00499
DB00993,DB01190
DB00359,DB00513
DB00882,DB00763
DB00262,DB00833
DB00262,DB00822
DB01082,DB00359
DB00710,DB00459
DB00718,DB06151
DB00242,DB01367
DB00242,DB00367
DB00201,DB00844
DB00201,DB01173
DB00850,DB01005
DB00654,DB00822
DB00205,DB01221
DB00394,DB00408
DB00659,DB00115
DB00659,DB00524
DB00968,DB01005
DB01181,DB00207
DB00297,DB01005
DB00557,DB00593
DB01205,DB00294
DB00763,DB00608
DB00350,DB00208
DB00350,DB00395
DB00353,DB00513
DB01023,DB01189
DB00819,DB01194
DB01410,DB00278
DB00633,DB00630
DB00953,DB00262
DB00804,DB00501
DB00648,DB00714
DB00648,DB01406
DB00307,DB00727
DB00798,DB00770
DB00426,DB00648
DB00262,DB00749
DB00802,DB00201
DB01173,DB00294
DB00550,DB01577
DB01082,DB00920
DB00710,DB00307
DB00540,DB00201
DB00552,DB00199
DB00727,DB01219
DB00621,DB01410
DB01077,DB00423
DB00968,DB00201
DB00377,DB00915
DB01222,DB01008
DB00315,DB01008
DB00690,DB01143
DB00746,DB00214
DB02379,DB00752
DB00763,DB00209
DB00499,DB00513
